[2026-05-19 18:17:04] local.ERROR: SQLSTATE[42S02]: Base table or view not found: 1146 Table 'mahaking_kos.cache' doesn't exist (Connection: mysql, Host: 127.0.0.1, Port: 8889, Database: mahaking_kos, SQL: delete from `cache`) {"exception":"[object] (Illuminate\\Database\\QueryException(code: 42S02): SQLSTATE[42S02]: Base table or view not found: 1146 Table 'mahaking_kos.cache' doesn't exist (Connection: mysql, Host: 127.0.0.1, Port: 8889, Database: mahaking_kos, SQL: delete from `cache`) at /Users/kayla/Desktop/2nd sem/sisdat prak/project mahaking kos/mahaking-kos/vendor/laravel/framework/src/Illuminate/Database/Connection.php:841)
[stacktrace]
#0 /Users/kayla/Desktop/2nd sem/sisdat prak/project mahaking kos/mahaking-kos/vendor/laravel/framework/src/Illuminate/Database/Connection.php(797): Illuminate\\Database\\Connection->runQueryCallback('delete from `ca...', Array, Object(Closure))
#1 /Users/kayla/Desktop/2nd sem/sisdat prak/project mahaking kos/mahaking-kos/vendor/laravel/framework/src/Illuminate/Database/Connection.php(600): Illuminate\\Database\\Connection->run('delete from `ca...', Array, Object(Closure))
#2 /Users/kayla/Desktop/2nd sem/sisdat prak/project mahaking kos/mahaking-kos/vendor/laravel/framework/src/Illuminate/Database/Connection.php(564): Illuminate\\Database\\Connection->affectingStatement('delete from `ca...', Array)
#3 /Users/kayla/Desktop/2nd sem/sisdat prak/project mahaking kos/mahaking-kos/vendor/laravel/framework/src/Illuminate/Database/Query/Builder.php(4514): Illuminate\\Database\\Connection->delete('delete from `ca...', Array)
#4 /Users/kayla/Desktop/2nd sem/sisdat prak/project mahaking kos/mahaking-kos/vendor/laravel/framework/src/Illuminate/Cache/DatabaseStore.php(450): Illuminate\\Database\\Query\\Builder->delete()
#5 /Users/kayla/Desktop/2nd sem/sisdat prak/project mahaking kos/mahaking-kos/vendor/laravel/framework/src/Illuminate/Cache/Repository.php(1049): Illuminate\\Cache\\DatabaseStore->flush()
#6 /Users/kayla/Desktop/2nd sem/sisdat prak/project mahaking kos/mahaking-kos/vendor/laravel/framework/src/Illuminate/Cache/Console/ClearCommand.php(73): Illuminate\\Cache\\Repository->__call('flush', Array)
#7 /Users/kayla/Desktop/2nd sem/sisdat prak/project mahaking kos/mahaking-kos/vendor/laravel/framework/src/Illuminate/Container/BoundMethod.php(36): Illuminate\\Cache\\Console\\ClearCommand->handle()
#8 /Users/kayla/Desktop/2nd sem/sisdat prak/project mahaking kos/mahaking-kos/vendor/laravel/framework/src/Illuminate/Container/Util.php(43): Illuminate\\Container\\BoundMethod::{closure:Illuminate\\Container\\BoundMethod::call():35}()
#9 /Users/kayla/Desktop/2nd sem/sisdat prak/project mahaking kos/mahaking-kos/vendor/laravel/framework/src/Illuminate/Container/BoundMethod.php(96): Illuminate\\Container\\Util::unwrapIfClosure(Object(Closure))
#10 /Users/kayla/Desktop/2nd sem/sisdat prak/project mahaking kos/mahaking-kos/vendor/laravel/framework/src/Illuminate/Container/BoundMethod.php(35): Illuminate\\Container\\BoundMethod::callBoundMethod(Object(Illuminate\\Foundation\\Application), Array, Object(Closure))
#11 /Users/kayla/Desktop/2nd sem/sisdat prak/project mahaking kos/mahaking-kos/vendor/laravel/framework/src/Illuminate/Container/Container.php(799): Illuminate\\Container\\BoundMethod::call(Object(Illuminate\\Foundation\\Application), Array, Array, NULL)
#12 /Users/kayla/Desktop/2nd sem/sisdat prak/project mahaking kos/mahaking-kos/vendor/laravel/framework/src/Illuminate/Console/Command.php(280): Illuminate\\Container\\Container->call(Array)
#13 /Users/kayla/Desktop/2nd sem/sisdat prak/project mahaking kos/mahaking-kos/vendor/symfony/console/Command/Command.php(291): Illuminate\\Console\\Command->execute(Object(Symfony\\Component\\Console\\Input\\ArgvInput), Object(Illuminate\\Console\\OutputStyle))
#14 /Users/kayla/Desktop/2nd sem/sisdat prak/project mahaking kos/mahaking-kos/vendor/laravel/framework/src/Illuminate/Console/Command.php(249): Symfony\\Component\\Console\\Command\\Command->run(Object(Symfony\\Component\\Console\\Input\\ArgvInput), Object(Illuminate\\Console\\OutputStyle))
#15 /Users/kayla/Desktop/2nd sem/sisdat prak/project mahaking kos/mahaking-kos/vendor/symfony/console/Application.php(1107): Illuminate\\Console\\Command->run(Object(Symfony\\Component\\Console\\Input\\ArgvInput), Object(Symfony\\Component\\Console\\Output\\ConsoleOutput))
#16 /Users/kayla/Desktop/2nd sem/sisdat prak/project mahaking kos/mahaking-kos/vendor/symfony/console/Application.php(356): Symfony\\Component\\Console\\Application->doRunCommand(Object(Illuminate\\Cache\\Console\\ClearCommand), Object(Symfony\\Component\\Console\\Input\\ArgvInput), Object(Symfony\\Component\\Console\\Output\\ConsoleOutput))
#17 /Users/kayla/Desktop/2nd sem/sisdat prak/project mahaking kos/mahaking-kos/vendor/symfony/console/Application.php(195): Symfony\\Component\\Console\\Application->doRun(Object(Symfony\\Component\\Console\\Input\\ArgvInput), Object(Symfony\\Component\\Console\\Output\\ConsoleOutput))
#18 /Users/kayla/Desktop/2nd sem/sisdat prak/project mahaking kos/mahaking-kos/vendor/laravel/framework/src/Illuminate/Foundation/Console/Kernel.php(198): Symfony\\Component\\Console\\Application->run(Object(Symfony\\Component\\Console\\Input\\ArgvInput), Object(Symfony\\Component\\Console\\Output\\ConsoleOutput))
#19 /Users/kayla/Desktop/2nd sem/sisdat prak/project mahaking kos/mahaking-kos/vendor/laravel/framework/src/Illuminate/Foundation/Application.php(1235): Illuminate\\Foundation\\Console\\Kernel->handle(Object(Symfony\\Component\\Console\\Input\\ArgvInput), Object(Symfony\\Component\\Console\\Output\\ConsoleOutput))
#20 /Users/kayla/Desktop/2nd sem/sisdat prak/project mahaking kos/mahaking-kos/artisan(16): Illuminate\\Foundation\\Application->handleCommand(Object(Symfony\\Component\\Console\\Input\\ArgvInput))
#21 {main}

[previous exception] [object] (PDOException(code: 42S02): SQLSTATE[42S02]: Base table or view not found: 1146 Table 'mahaking_kos.cache' doesn't exist at /Users/kayla/Desktop/2nd sem/sisdat prak/project mahaking kos/mahaking-kos/vendor/laravel/framework/src/Illuminate/Database/Connection.php:608)
[stacktrace]
#0 /Users/kayla/Desktop/2nd sem/sisdat prak/project mahaking kos/mahaking-kos/vendor/laravel/framework/src/Illuminate/Database/Connection.php(608): PDO->prepare('delete from `ca...')
#1 /Users/kayla/Desktop/2nd sem/sisdat prak/project mahaking kos/mahaking-kos/vendor/laravel/framework/src/Illuminate/Database/Connection.php(830): Illuminate\\Database\\Connection->{closure:Illuminate\\Database\\Connection::affectingStatement():600}('delete from `ca...', Array)
#2 /Users/kayla/Desktop/2nd sem/sisdat prak/project mahaking kos/mahaking-kos/vendor/laravel/framework/src/Illuminate/Database/Connection.php(797): Illuminate\\Database\\Connection->runQueryCallback('delete from `ca...', Array, Object(Closure))
#3 /Users/kayla/Desktop/2nd sem/sisdat prak/project mahaking kos/mahaking-kos/vendor/laravel/framework/src/Illuminate/Database/Connection.php(600): Illuminate\\Database\\Connection->run('delete from `ca...', Array, Object(Closure))
#4 /Users/kayla/Desktop/2nd sem/sisdat prak/project mahaking kos/mahaking-kos/vendor/laravel/framework/src/Illuminate/Database/Connection.php(564): Illuminate\\Database\\Connection->affectingStatement('delete from `ca...', Array)
#5 /Users/kayla/Desktop/2nd sem/sisdat prak/project mahaking kos/mahaking-kos/vendor/laravel/framework/src/Illuminate/Database/Query/Builder.php(4514): Illuminate\\Database\\Connection->delete('delete from `ca...', Array)
#6 /Users/kayla/Desktop/2nd sem/sisdat prak/project mahaking kos/mahaking-kos/vendor/laravel/framework/src/Illuminate/Cache/DatabaseStore.php(450): Illuminate\\Database\\Query\\Builder->delete()
#7 /Users/kayla/Desktop/2nd sem/sisdat prak/project mahaking kos/mahaking-kos/vendor/laravel/framework/src/Illuminate/Cache/Repository.php(1049): Illuminate\\Cache\\DatabaseStore->flush()
#8 /Users/kayla/Desktop/2nd sem/sisdat prak/project mahaking kos/mahaking-kos/vendor/laravel/framework/src/Illuminate/Cache/Console/ClearCommand.php(73): Illuminate\\Cache\\Repository->__call('flush', Array)
#9 /Users/kayla/Desktop/2nd sem/sisdat prak/project mahaking kos/mahaking-kos/vendor/laravel/framework/src/Illuminate/Container/BoundMethod.php(36): Illuminate\\Cache\\Console\\ClearCommand->handle()
#10 /Users/kayla/Desktop/2nd sem/sisdat prak/project mahaking kos/mahaking-kos/vendor/laravel/framework/src/Illuminate/Container/Util.php(43): Illuminate\\Container\\BoundMethod::{closure:Illuminate\\Container\\BoundMethod::call():35}()
#11 /Users/kayla/Desktop/2nd sem/sisdat prak/project mahaking kos/mahaking-kos/vendor/laravel/framework/src/Illuminate/Container/BoundMethod.php(96): Illuminate\\Container\\Util::unwrapIfClosure(Object(Closure))
#12 /Users/kayla/Desktop/2nd sem/sisdat prak/project mahaking kos/mahaking-kos/vendor/laravel/framework/src/Illuminate/Container/BoundMethod.php(35): Illuminate\\Container\\BoundMethod::callBoundMethod(Object(Illuminate\\Foundation\\Application), Array, Object(Closure))
#13 /Users/kayla/Desktop/2nd sem/sisdat prak/project mahaking kos/mahaking-kos/vendor/laravel/framework/src/Illuminate/Container/Container.php(799): Illuminate\\Container\\BoundMethod::call(Object(Illuminate\\Foundation\\Application), Array, Array, NULL)
#14 /Users/kayla/Desktop/2nd sem/sisdat prak/project mahaking kos/mahaking-kos/vendor/laravel/framework/src/Illuminate/Console/Command.php(280): Illuminate\\Container\\Container->call(Array)
#15 /Users/kayla/Desktop/2nd sem/sisdat prak/project mahaking kos/mahaking-kos/vendor/symfony/console/Command/Command.php(291): Illuminate\\Console\\Command->execute(Object(Symfony\\Component\\Console\\Input\\ArgvInput), Object(Illuminate\\Console\\OutputStyle))
#16 /Users/kayla/Desktop/2nd sem/sisdat prak/project mahaking kos/mahaking-kos/vendor/laravel/framework/src/Illuminate/Console/Command.php(249): Symfony\\Component\\Console\\Command\\Command->run(Object(Symfony\\Component\\Console\\Input\\ArgvInput), Object(Illuminate\\Console\\OutputStyle))
#17 /Users/kayla/Desktop/2nd sem/sisdat prak/project mahaking kos/mahaking-kos/vendor/symfony/console/Application.php(1107): Illuminate\\Console\\Command->run(Object(Symfony\\Component\\Console\\Input\\ArgvInput), Object(Symfony\\Component\\Console\\Output\\ConsoleOutput))
#18 /Users/kayla/Desktop/2nd sem/sisdat prak/project mahaking kos/mahaking-kos/vendor/symfony/console/Application.php(356): Symfony\\Component\\Console\\Application->doRunCommand(Object(Illuminate\\Cache\\Console\\ClearCommand), Object(Symfony\\Component\\Console\\Input\\ArgvInput), Object(Symfony\\Component\\Console\\Output\\ConsoleOutput))
#19 /Users/kayla/Desktop/2nd sem/sisdat prak/project mahaking kos/mahaking-kos/vendor/symfony/console/Application.php(195): Symfony\\Component\\Console\\Application->doRun(Object(Symfony\\Component\\Console\\Input\\ArgvInput), Object(Symfony\\Component\\Console\\Output\\ConsoleOutput))
#20 /Users/kayla/Desktop/2nd sem/sisdat prak/project mahaking kos/mahaking-kos/vendor/laravel/framework/src/Illuminate/Foundation/Console/Kernel.php(198): Symfony\\Component\\Console\\Application->run(Object(Symfony\\Component\\Console\\Input\\ArgvInput), Object(Symfony\\Component\\Console\\Output\\ConsoleOutput))
#21 /Users/kayla/Desktop/2nd sem/sisdat prak/project mahaking kos/mahaking-kos/vendor/laravel/framework/src/Illuminate/Foundation/Application.php(1235): Illuminate\\Foundation\\Console\\Kernel->handle(Object(Symfony\\Component\\Console\\Input\\ArgvInput), Object(Symfony\\Component\\Console\\Output\\ConsoleOutput))
#22 /Users/kayla/Desktop/2nd sem/sisdat prak/project mahaking kos/mahaking-kos/artisan(16): Illuminate\\Foundation\\Application->handleCommand(Object(Symfony\\Component\\Console\\Input\\ArgvInput))
#23 {main}
"} 
[2026-05-19 18:24:26] local.ERROR: SQLSTATE[42S01]: Base table or view already exists: 1050 Table 'pemilik_kos' already exists (Connection: mysql, Host: 127.0.0.1, Port: 8889, Database: mahaking_kos, SQL: create table `pemilik_kos` (`id_pemilik` varchar(5) not null, `id_user` varchar(5) not null, `nama_depan` varchar(50) not null, `nama_belakang` varchar(50) not null, `nama_bank` varchar(50) not null, `nomor_rekening` varchar(50) not null, `nama_rekening` varchar(100) not null, `no_hp` varchar(15) not null, `alamat` text not null, `verifikasi_status` enum('pending', 'verified', 'rejected') not null, `created_at` timestamp null, `updated_at` timestamp null, primary key (`id_pemilik`)) default character set utf8mb4 collate 'utf8mb4_unicode_ci') {"exception":"[object] (Illuminate\\Database\\QueryException(code: 42S01): SQLSTATE[42S01]: Base table or view already exists: 1050 Table 'pemilik_kos' already exists (Connection: mysql, Host: 127.0.0.1, Port: 8889, Database: mahaking_kos, SQL: create table `pemilik_kos` (`id_pemilik` varchar(5) not null, `id_user` varchar(5) not null, `nama_depan` varchar(50) not null, `nama_belakang` varchar(50) not null, `nama_bank` varchar(50) not null, `nomor_rekening` varchar(50) not null, `nama_rekening` varchar(100) not null, `no_hp` varchar(15) not null, `alamat` text not null, `verifikasi_status` enum('pending', 'verified', 'rejected') not null, `created_at` timestamp null, `updated_at` timestamp null, primary key (`id_pemilik`)) default character set utf8mb4 collate 'utf8mb4_unicode_ci') at /Users/kayla/Desktop/2nd sem/sisdat prak/project mahaking kos/mahaking-kos/vendor/laravel/framework/src/Illuminate/Database/Connection.php:841)
[stacktrace]
#0 /Users/kayla/Desktop/2nd sem/sisdat prak/project mahaking kos/mahaking-kos/vendor/laravel/framework/src/Illuminate/Database/Connection.php(797): Illuminate\\Database\\Connection->runQueryCallback('create table `p...', Array, Object(Closure))
#1 /Users/kayla/Desktop/2nd sem/sisdat prak/project mahaking kos/mahaking-kos/vendor/laravel/framework/src/Illuminate/Database/Connection.php(576): Illuminate\\Database\\Connection->run('create table `p...', Array, Object(Closure))
#2 /Users/kayla/Desktop/2nd sem/sisdat prak/project mahaking kos/mahaking-kos/vendor/laravel/framework/src/Illuminate/Database/Schema/Blueprint.php(121): Illuminate\\Database\\Connection->statement('create table `p...')
#3 /Users/kayla/Desktop/2nd sem/sisdat prak/project mahaking kos/mahaking-kos/vendor/laravel/framework/src/Illuminate/Database/Schema/Builder.php(690): Illuminate\\Database\\Schema\\Blueprint->build()
#4 /Users/kayla/Desktop/2nd sem/sisdat prak/project mahaking kos/mahaking-kos/vendor/laravel/framework/src/Illuminate/Database/Schema/Builder.php(508): Illuminate\\Database\\Schema\\Builder->build(Object(Illuminate\\Database\\Schema\\Blueprint))
#5 /Users/kayla/Desktop/2nd sem/sisdat prak/project mahaking kos/mahaking-kos/vendor/laravel/framework/src/Illuminate/Support/Facades/Facade.php(363): Illuminate\\Database\\Schema\\Builder->create('pemilik_kos', Object(Closure))
#6 /Users/kayla/Desktop/2nd sem/sisdat prak/project mahaking kos/mahaking-kos/database/migrations/2026_05_19_182217_create_pemilik_kos_table.php(14): Illuminate\\Support\\Facades\\Facade::__callStatic('create', Array)
#7 /Users/kayla/Desktop/2nd sem/sisdat prak/project mahaking kos/mahaking-kos/vendor/laravel/framework/src/Illuminate/Database/Migrations/Migrator.php(517): Illuminate\\Database\\Migrations\\Migration@anonymous->up()
#8 /Users/kayla/Desktop/2nd sem/sisdat prak/project mahaking kos/mahaking-kos/vendor/laravel/framework/src/Illuminate/Database/Migrations/Migrator.php(442): Illuminate\\Database\\Migrations\\Migrator->runMethod(Object(Illuminate\\Database\\MySqlConnection), Object(Illuminate\\Database\\Migrations\\Migration@anonymous), 'up')
#9 /Users/kayla/Desktop/2nd sem/sisdat prak/project mahaking kos/mahaking-kos/vendor/laravel/framework/src/Illuminate/Database/Migrations/Migrator.php(451): Illuminate\\Database\\Migrations\\Migrator->{closure:Illuminate\\Database\\Migrations\\Migrator::runMigration():438}()
#10 /Users/kayla/Desktop/2nd sem/sisdat prak/project mahaking kos/mahaking-kos/vendor/laravel/framework/src/Illuminate/Database/Migrations/Migrator.php(253): Illuminate\\Database\\Migrations\\Migrator->runMigration(Object(Illuminate\\Database\\Migrations\\Migration@anonymous), 'up', '2026_05_19_1822...')
#11 /Users/kayla/Desktop/2nd sem/sisdat prak/project mahaking kos/mahaking-kos/vendor/laravel/framework/src/Illuminate/Console/View/Components/Task.php(43): Illuminate\\Database\\Migrations\\Migrator->{closure:Illuminate\\Database\\Migrations\\Migrator::runUp():253}()
#12 /Users/kayla/Desktop/2nd sem/sisdat prak/project mahaking kos/mahaking-kos/vendor/laravel/framework/src/Illuminate/Database/Migrations/Migrator.php(814): Illuminate\\Console\\View\\Components\\Task->render('2026_05_19_1822...', Object(Closure))
#13 /Users/kayla/Desktop/2nd sem/sisdat prak/project mahaking kos/mahaking-kos/vendor/laravel/framework/src/Illuminate/Database/Migrations/Migrator.php(253): Illuminate\\Database\\Migrations\\Migrator->write('Illuminate\\\\Cons...', '2026_05_19_1822...', Object(Closure))
#14 /Users/kayla/Desktop/2nd sem/sisdat prak/project mahaking kos/mahaking-kos/vendor/laravel/framework/src/Illuminate/Database/Migrations/Migrator.php(211): Illuminate\\Database\\Migrations\\Migrator->runUp('/Users/kayla/De...', 2, false)
#15 /Users/kayla/Desktop/2nd sem/sisdat prak/project mahaking kos/mahaking-kos/vendor/laravel/framework/src/Illuminate/Database/Migrations/Migrator.php(138): Illuminate\\Database\\Migrations\\Migrator->runPending(Array, Array)
#16 /Users/kayla/Desktop/2nd sem/sisdat prak/project mahaking kos/mahaking-kos/vendor/laravel/framework/src/Illuminate/Database/Console/Migrations/MigrateCommand.php(118): Illuminate\\Database\\Migrations\\Migrator->run(Array, Array)
#17 /Users/kayla/Desktop/2nd sem/sisdat prak/project mahaking kos/mahaking-kos/vendor/laravel/framework/src/Illuminate/Database/Migrations/Migrator.php(671): Illuminate\\Database\\Console\\Migrations\\MigrateCommand->{closure:Illuminate\\Database\\Console\\Migrations\\MigrateCommand::runMigrations():111}()
#18 /Users/kayla/Desktop/2nd sem/sisdat prak/project mahaking kos/mahaking-kos/vendor/laravel/framework/src/Illuminate/Database/Console/Migrations/MigrateCommand.php(111): Illuminate\\Database\\Migrations\\Migrator->usingConnection(NULL, Object(Closure))
#19 /Users/kayla/Desktop/2nd sem/sisdat prak/project mahaking kos/mahaking-kos/vendor/laravel/framework/src/Illuminate/Database/Console/Migrations/MigrateCommand.php(90): Illuminate\\Database\\Console\\Migrations\\MigrateCommand->runMigrations()
#20 /Users/kayla/Desktop/2nd sem/sisdat prak/project mahaking kos/mahaking-kos/vendor/laravel/framework/src/Illuminate/Container/BoundMethod.php(36): Illuminate\\Database\\Console\\Migrations\\MigrateCommand->handle()
#21 /Users/kayla/Desktop/2nd sem/sisdat prak/project mahaking kos/mahaking-kos/vendor/laravel/framework/src/Illuminate/Container/Util.php(43): Illuminate\\Container\\BoundMethod::{closure:Illuminate\\Container\\BoundMethod::call():35}()
#22 /Users/kayla/Desktop/2nd sem/sisdat prak/project mahaking kos/mahaking-kos/vendor/laravel/framework/src/Illuminate/Container/BoundMethod.php(96): Illuminate\\Container\\Util::unwrapIfClosure(Object(Closure))
#23 /Users/kayla/Desktop/2nd sem/sisdat prak/project mahaking kos/mahaking-kos/vendor/laravel/framework/src/Illuminate/Container/BoundMethod.php(35): Illuminate\\Container\\BoundMethod::callBoundMethod(Object(Illuminate\\Foundation\\Application), Array, Object(Closure))
#24 /Users/kayla/Desktop/2nd sem/sisdat prak/project mahaking kos/mahaking-kos/vendor/laravel/framework/src/Illuminate/Container/Container.php(799): Illuminate\\Container\\BoundMethod::call(Object(Illuminate\\Foundation\\Application), Array, Array, NULL)
#25 /Users/kayla/Desktop/2nd sem/sisdat prak/project mahaking kos/mahaking-kos/vendor/laravel/framework/src/Illuminate/Console/Command.php(280): Illuminate\\Container\\Container->call(Array)
#26 /Users/kayla/Desktop/2nd sem/sisdat prak/project mahaking kos/mahaking-kos/vendor/symfony/console/Command/Command.php(291): Illuminate\\Console\\Command->execute(Object(Symfony\\Component\\Console\\Input\\ArgvInput), Object(Illuminate\\Console\\OutputStyle))
#27 /Users/kayla/Desktop/2nd sem/sisdat prak/project mahaking kos/mahaking-kos/vendor/laravel/framework/src/Illuminate/Console/Command.php(249): Symfony\\Component\\Console\\Command\\Command->run(Object(Symfony\\Component\\Console\\Input\\ArgvInput), Object(Illuminate\\Console\\OutputStyle))
#28 /Users/kayla/Desktop/2nd sem/sisdat prak/project mahaking kos/mahaking-kos/vendor/symfony/console/Application.php(1107): Illuminate\\Console\\Command->run(Object(Symfony\\Component\\Console\\Input\\ArgvInput), Object(Symfony\\Component\\Console\\Output\\ConsoleOutput))
#29 /Users/kayla/Desktop/2nd sem/sisdat prak/project mahaking kos/mahaking-kos/vendor/symfony/console/Application.php(356): Symfony\\Component\\Console\\Application->doRunCommand(Object(Illuminate\\Database\\Console\\Migrations\\MigrateCommand), Object(Symfony\\Component\\Console\\Input\\ArgvInput), Object(Symfony\\Component\\Console\\Output\\ConsoleOutput))
#30 /Users/kayla/Desktop/2nd sem/sisdat prak/project mahaking kos/mahaking-kos/vendor/symfony/console/Application.php(195): Symfony\\Component\\Console\\Application->doRun(Object(Symfony\\Component\\Console\\Input\\ArgvInput), Object(Symfony\\Component\\Console\\Output\\ConsoleOutput))
#31 /Users/kayla/Desktop/2nd sem/sisdat prak/project mahaking kos/mahaking-kos/vendor/laravel/framework/src/Illuminate/Foundation/Console/Kernel.php(198): Symfony\\Component\\Console\\Application->run(Object(Symfony\\Component\\Console\\Input\\ArgvInput), Object(Symfony\\Component\\Console\\Output\\ConsoleOutput))
#32 /Users/kayla/Desktop/2nd sem/sisdat prak/project mahaking kos/mahaking-kos/vendor/laravel/framework/src/Illuminate/Foundation/Application.php(1235): Illuminate\\Foundation\\Console\\Kernel->handle(Object(Symfony\\Component\\Console\\Input\\ArgvInput), Object(Symfony\\Component\\Console\\Output\\ConsoleOutput))
#33 /Users/kayla/Desktop/2nd sem/sisdat prak/project mahaking kos/mahaking-kos/artisan(16): Illuminate\\Foundation\\Application->handleCommand(Object(Symfony\\Component\\Console\\Input\\ArgvInput))
#34 {main}

[previous exception] [object] (PDOException(code: 42S01): SQLSTATE[42S01]: Base table or view already exists: 1050 Table 'pemilik_kos' already exists at /Users/kayla/Desktop/2nd sem/sisdat prak/project mahaking kos/mahaking-kos/vendor/laravel/framework/src/Illuminate/Database/Connection.php:587)
[stacktrace]
#0 /Users/kayla/Desktop/2nd sem/sisdat prak/project mahaking kos/mahaking-kos/vendor/laravel/framework/src/Illuminate/Database/Connection.php(587): PDOStatement->execute()
#1 /Users/kayla/Desktop/2nd sem/sisdat prak/project mahaking kos/mahaking-kos/vendor/laravel/framework/src/Illuminate/Database/Connection.php(830): Illuminate\\Database\\Connection->{closure:Illuminate\\Database\\Connection::statement():576}('create table `p...', Array)
#2 /Users/kayla/Desktop/2nd sem/sisdat prak/project mahaking kos/mahaking-kos/vendor/laravel/framework/src/Illuminate/Database/Connection.php(797): Illuminate\\Database\\Connection->runQueryCallback('create table `p...', Array, Object(Closure))
#3 /Users/kayla/Desktop/2nd sem/sisdat prak/project mahaking kos/mahaking-kos/vendor/laravel/framework/src/Illuminate/Database/Connection.php(576): Illuminate\\Database\\Connection->run('create table `p...', Array, Object(Closure))
#4 /Users/kayla/Desktop/2nd sem/sisdat prak/project mahaking kos/mahaking-kos/vendor/laravel/framework/src/Illuminate/Database/Schema/Blueprint.php(121): Illuminate\\Database\\Connection->statement('create table `p...')
#5 /Users/kayla/Desktop/2nd sem/sisdat prak/project mahaking kos/mahaking-kos/vendor/laravel/framework/src/Illuminate/Database/Schema/Builder.php(690): Illuminate\\Database\\Schema\\Blueprint->build()
#6 /Users/kayla/Desktop/2nd sem/sisdat prak/project mahaking kos/mahaking-kos/vendor/laravel/framework/src/Illuminate/Database/Schema/Builder.php(508): Illuminate\\Database\\Schema\\Builder->build(Object(Illuminate\\Database\\Schema\\Blueprint))
#7 /Users/kayla/Desktop/2nd sem/sisdat prak/project mahaking kos/mahaking-kos/vendor/laravel/framework/src/Illuminate/Support/Facades/Facade.php(363): Illuminate\\Database\\Schema\\Builder->create('pemilik_kos', Object(Closure))
#8 /Users/kayla/Desktop/2nd sem/sisdat prak/project mahaking kos/mahaking-kos/database/migrations/2026_05_19_182217_create_pemilik_kos_table.php(14): Illuminate\\Support\\Facades\\Facade::__callStatic('create', Array)
#9 /Users/kayla/Desktop/2nd sem/sisdat prak/project mahaking kos/mahaking-kos/vendor/laravel/framework/src/Illuminate/Database/Migrations/Migrator.php(517): Illuminate\\Database\\Migrations\\Migration@anonymous->up()
#10 /Users/kayla/Desktop/2nd sem/sisdat prak/project mahaking kos/mahaking-kos/vendor/laravel/framework/src/Illuminate/Database/Migrations/Migrator.php(442): Illuminate\\Database\\Migrations\\Migrator->runMethod(Object(Illuminate\\Database\\MySqlConnection), Object(Illuminate\\Database\\Migrations\\Migration@anonymous), 'up')
#11 /Users/kayla/Desktop/2nd sem/sisdat prak/project mahaking kos/mahaking-kos/vendor/laravel/framework/src/Illuminate/Database/Migrations/Migrator.php(451): Illuminate\\Database\\Migrations\\Migrator->{closure:Illuminate\\Database\\Migrations\\Migrator::runMigration():438}()
#12 /Users/kayla/Desktop/2nd sem/sisdat prak/project mahaking kos/mahaking-kos/vendor/laravel/framework/src/Illuminate/Database/Migrations/Migrator.php(253): Illuminate\\Database\\Migrations\\Migrator->runMigration(Object(Illuminate\\Database\\Migrations\\Migration@anonymous), 'up', '2026_05_19_1822...')
#13 /Users/kayla/Desktop/2nd sem/sisdat prak/project mahaking kos/mahaking-kos/vendor/laravel/framework/src/Illuminate/Console/View/Components/Task.php(43): Illuminate\\Database\\Migrations\\Migrator->{closure:Illuminate\\Database\\Migrations\\Migrator::runUp():253}()
#14 /Users/kayla/Desktop/2nd sem/sisdat prak/project mahaking kos/mahaking-kos/vendor/laravel/framework/src/Illuminate/Database/Migrations/Migrator.php(814): Illuminate\\Console\\View\\Components\\Task->render('2026_05_19_1822...', Object(Closure))
#15 /Users/kayla/Desktop/2nd sem/sisdat prak/project mahaking kos/mahaking-kos/vendor/laravel/framework/src/Illuminate/Database/Migrations/Migrator.php(253): Illuminate\\Database\\Migrations\\Migrator->write('Illuminate\\\\Cons...', '2026_05_19_1822...', Object(Closure))
#16 /Users/kayla/Desktop/2nd sem/sisdat prak/project mahaking kos/mahaking-kos/vendor/laravel/framework/src/Illuminate/Database/Migrations/Migrator.php(211): Illuminate\\Database\\Migrations\\Migrator->runUp('/Users/kayla/De...', 2, false)
#17 /Users/kayla/Desktop/2nd sem/sisdat prak/project mahaking kos/mahaking-kos/vendor/laravel/framework/src/Illuminate/Database/Migrations/Migrator.php(138): Illuminate\\Database\\Migrations\\Migrator->runPending(Array, Array)
#18 /Users/kayla/Desktop/2nd sem/sisdat prak/project mahaking kos/mahaking-kos/vendor/laravel/framework/src/Illuminate/Database/Console/Migrations/MigrateCommand.php(118): Illuminate\\Database\\Migrations\\Migrator->run(Array, Array)
#19 /Users/kayla/Desktop/2nd sem/sisdat prak/project mahaking kos/mahaking-kos/vendor/laravel/framework/src/Illuminate/Database/Migrations/Migrator.php(671): Illuminate\\Database\\Console\\Migrations\\MigrateCommand->{closure:Illuminate\\Database\\Console\\Migrations\\MigrateCommand::runMigrations():111}()
#20 /Users/kayla/Desktop/2nd sem/sisdat prak/project mahaking kos/mahaking-kos/vendor/laravel/framework/src/Illuminate/Database/Console/Migrations/MigrateCommand.php(111): Illuminate\\Database\\Migrations\\Migrator->usingConnection(NULL, Object(Closure))
#21 /Users/kayla/Desktop/2nd sem/sisdat prak/project mahaking kos/mahaking-kos/vendor/laravel/framework/src/Illuminate/Database/Console/Migrations/MigrateCommand.php(90): Illuminate\\Database\\Console\\Migrations\\MigrateCommand->runMigrations()
#22 /Users/kayla/Desktop/2nd sem/sisdat prak/project mahaking kos/mahaking-kos/vendor/laravel/framework/src/Illuminate/Container/BoundMethod.php(36): Illuminate\\Database\\Console\\Migrations\\MigrateCommand->handle()
#23 /Users/kayla/Desktop/2nd sem/sisdat prak/project mahaking kos/mahaking-kos/vendor/laravel/framework/src/Illuminate/Container/Util.php(43): Illuminate\\Container\\BoundMethod::{closure:Illuminate\\Container\\BoundMethod::call():35}()
#24 /Users/kayla/Desktop/2nd sem/sisdat prak/project mahaking kos/mahaking-kos/vendor/laravel/framework/src/Illuminate/Container/BoundMethod.php(96): Illuminate\\Container\\Util::unwrapIfClosure(Object(Closure))
#25 /Users/kayla/Desktop/2nd sem/sisdat prak/project mahaking kos/mahaking-kos/vendor/laravel/framework/src/Illuminate/Container/BoundMethod.php(35): Illuminate\\Container\\BoundMethod::callBoundMethod(Object(Illuminate\\Foundation\\Application), Array, Object(Closure))
#26 /Users/kayla/Desktop/2nd sem/sisdat prak/project mahaking kos/mahaking-kos/vendor/laravel/framework/src/Illuminate/Container/Container.php(799): Illuminate\\Container\\BoundMethod::call(Object(Illuminate\\Foundation\\Application), Array, Array, NULL)
#27 /Users/kayla/Desktop/2nd sem/sisdat prak/project mahaking kos/mahaking-kos/vendor/laravel/framework/src/Illuminate/Console/Command.php(280): Illuminate\\Container\\Container->call(Array)
#28 /Users/kayla/Desktop/2nd sem/sisdat prak/project mahaking kos/mahaking-kos/vendor/symfony/console/Command/Command.php(291): Illuminate\\Console\\Command->execute(Object(Symfony\\Component\\Console\\Input\\ArgvInput), Object(Illuminate\\Console\\OutputStyle))
#29 /Users/kayla/Desktop/2nd sem/sisdat prak/project mahaking kos/mahaking-kos/vendor/laravel/framework/src/Illuminate/Console/Command.php(249): Symfony\\Component\\Console\\Command\\Command->run(Object(Symfony\\Component\\Console\\Input\\ArgvInput), Object(Illuminate\\Console\\OutputStyle))
#30 /Users/kayla/Desktop/2nd sem/sisdat prak/project mahaking kos/mahaking-kos/vendor/symfony/console/Application.php(1107): Illuminate\\Console\\Command->run(Object(Symfony\\Component\\Console\\Input\\ArgvInput), Object(Symfony\\Component\\Console\\Output\\ConsoleOutput))
#31 /Users/kayla/Desktop/2nd sem/sisdat prak/project mahaking kos/mahaking-kos/vendor/symfony/console/Application.php(356): Symfony\\Component\\Console\\Application->doRunCommand(Object(Illuminate\\Database\\Console\\Migrations\\MigrateCommand), Object(Symfony\\Component\\Console\\Input\\ArgvInput), Object(Symfony\\Component\\Console\\Output\\ConsoleOutput))
#32 /Users/kayla/Desktop/2nd sem/sisdat prak/project mahaking kos/mahaking-kos/vendor/symfony/console/Application.php(195): Symfony\\Component\\Console\\Application->doRun(Object(Symfony\\Component\\Console\\Input\\ArgvInput), Object(Symfony\\Component\\Console\\Output\\ConsoleOutput))
#33 /Users/kayla/Desktop/2nd sem/sisdat prak/project mahaking kos/mahaking-kos/vendor/laravel/framework/src/Illuminate/Foundation/Console/Kernel.php(198): Symfony\\Component\\Console\\Application->run(Object(Symfony\\Component\\Console\\Input\\ArgvInput), Object(Symfony\\Component\\Console\\Output\\ConsoleOutput))
#34 /Users/kayla/Desktop/2nd sem/sisdat prak/project mahaking kos/mahaking-kos/vendor/laravel/framework/src/Illuminate/Foundation/Application.php(1235): Illuminate\\Foundation\\Console\\Kernel->handle(Object(Symfony\\Component\\Console\\Input\\ArgvInput), Object(Symfony\\Component\\Console\\Output\\ConsoleOutput))
#35 /Users/kayla/Desktop/2nd sem/sisdat prak/project mahaking kos/mahaking-kos/artisan(16): Illuminate\\Foundation\\Application->handleCommand(Object(Symfony\\Component\\Console\\Input\\ArgvInput))
#36 {main}
"} 
[2026-05-19 18:51:36] local.ERROR: SQLSTATE[42S02]: Base table or view not found: 1146 Table 'mahaking_kos.sessions' doesn't exist (Connection: mysql, Host: 127.0.0.1, Port: 8889, Database: mahaking_kos, SQL: select * from `sessions` where `id` = KLY1fc7EX5zTJSIUOwxW2EhUicjWBxuSkIqLC0BK limit 1) {"exception":"[object] (Illuminate\\Database\\QueryException(code: 42S02): SQLSTATE[42S02]: Base table or view not found: 1146 Table 'mahaking_kos.sessions' doesn't exist (Connection: mysql, Host: 127.0.0.1, Port: 8889, Database: mahaking_kos, SQL: select * from `sessions` where `id` = KLY1fc7EX5zTJSIUOwxW2EhUicjWBxuSkIqLC0BK limit 1) at /Users/kayla/Desktop/2nd sem/sisdat prak/project mahaking kos/mahaking-kos/vendor/laravel/framework/src/Illuminate/Database/Connection.php:841)
[stacktrace]
#0 /Users/kayla/Desktop/2nd sem/sisdat prak/project mahaking kos/mahaking-kos/vendor/laravel/framework/src/Illuminate/Database/Connection.php(797): Illuminate\\Database\\Connection->runQueryCallback('select * from `...', Array, Object(Closure))
#1 /Users/kayla/Desktop/2nd sem/sisdat prak/project mahaking kos/mahaking-kos/vendor/laravel/framework/src/Illuminate/Database/Connection.php(412): Illuminate\\Database\\Connection->run('select * from `...', Array, Object(Closure))
#2 /Users/kayla/Desktop/2nd sem/sisdat prak/project mahaking kos/mahaking-kos/vendor/laravel/framework/src/Illuminate/Database/Query/Builder.php(3567): Illuminate\\Database\\Connection->select('select * from `...', Array, false, Array)
#3 /Users/kayla/Desktop/2nd sem/sisdat prak/project mahaking kos/mahaking-kos/vendor/laravel/framework/src/Illuminate/Database/Query/Builder.php(3551): Illuminate\\Database\\Query\\Builder->runSelect()
#4 /Users/kayla/Desktop/2nd sem/sisdat prak/project mahaking kos/mahaking-kos/vendor/laravel/framework/src/Illuminate/Database/Concerns/BuildsQueries.php(366): Illuminate\\Database\\Query\\Builder->get(Array)
#5 /Users/kayla/Desktop/2nd sem/sisdat prak/project mahaking kos/mahaking-kos/vendor/laravel/framework/src/Illuminate/Database/Query/Builder.php(3469): Illuminate\\Database\\Query\\Builder->first(Array)
#6 /Users/kayla/Desktop/2nd sem/sisdat prak/project mahaking kos/mahaking-kos/vendor/laravel/framework/src/Illuminate/Session/DatabaseSessionHandler.php(96): Illuminate\\Database\\Query\\Builder->find('KLY1fc7EX5zTJSI...')
#7 /Users/kayla/Desktop/2nd sem/sisdat prak/project mahaking kos/mahaking-kos/vendor/laravel/framework/src/Illuminate/Session/Store.php(128): Illuminate\\Session\\DatabaseSessionHandler->read('KLY1fc7EX5zTJSI...')
#8 /Users/kayla/Desktop/2nd sem/sisdat prak/project mahaking kos/mahaking-kos/vendor/laravel/framework/src/Illuminate/Session/Store.php(116): Illuminate\\Session\\Store->readFromHandler()
#9 /Users/kayla/Desktop/2nd sem/sisdat prak/project mahaking kos/mahaking-kos/vendor/laravel/framework/src/Illuminate/Session/Store.php(100): Illuminate\\Session\\Store->loadSession()
#10 /Users/kayla/Desktop/2nd sem/sisdat prak/project mahaking kos/mahaking-kos/vendor/laravel/framework/src/Illuminate/Session/Middleware/StartSession.php(146): Illuminate\\Session\\Store->start()
#11 /Users/kayla/Desktop/2nd sem/sisdat prak/project mahaking kos/mahaking-kos/vendor/laravel/framework/src/Illuminate/Support/helpers.php(393): Illuminate\\Session\\Middleware\\StartSession->{closure:Illuminate\\Session\\Middleware\\StartSession::startSession():143}(Object(Illuminate\\Session\\Store))
#12 /Users/kayla/Desktop/2nd sem/sisdat prak/project mahaking kos/mahaking-kos/vendor/laravel/framework/src/Illuminate/Session/Middleware/StartSession.php(143): tap(Object(Illuminate\\Session\\Store), Object(Closure))
#13 /Users/kayla/Desktop/2nd sem/sisdat prak/project mahaking kos/mahaking-kos/vendor/laravel/framework/src/Illuminate/Session/Middleware/StartSession.php(115): Illuminate\\Session\\Middleware\\StartSession->startSession(Object(Illuminate\\Http\\Request), Object(Illuminate\\Session\\Store))
#14 /Users/kayla/Desktop/2nd sem/sisdat prak/project mahaking kos/mahaking-kos/vendor/laravel/framework/src/Illuminate/Session/Middleware/StartSession.php(63): Illuminate\\Session\\Middleware\\StartSession->handleStatefulRequest(Object(Illuminate\\Http\\Request), Object(Illuminate\\Session\\Store), Object(Closure))
#15 /Users/kayla/Desktop/2nd sem/sisdat prak/project mahaking kos/mahaking-kos/vendor/laravel/framework/src/Illuminate/Pipeline/Pipeline.php(219): Illuminate\\Session\\Middleware\\StartSession->handle(Object(Illuminate\\Http\\Request), Object(Closure))
#16 /Users/kayla/Desktop/2nd sem/sisdat prak/project mahaking kos/mahaking-kos/vendor/laravel/framework/src/Illuminate/Cookie/Middleware/AddQueuedCookiesToResponse.php(36): Illuminate\\Pipeline\\Pipeline->{closure:{closure:Illuminate\\Pipeline\\Pipeline::carry():194}:195}(Object(Illuminate\\Http\\Request))
#17 /Users/kayla/Desktop/2nd sem/sisdat prak/project mahaking kos/mahaking-kos/vendor/laravel/framework/src/Illuminate/Pipeline/Pipeline.php(219): Illuminate\\Cookie\\Middleware\\AddQueuedCookiesToResponse->handle(Object(Illuminate\\Http\\Request), Object(Closure))
#18 /Users/kayla/Desktop/2nd sem/sisdat prak/project mahaking kos/mahaking-kos/vendor/laravel/framework/src/Illuminate/Cookie/Middleware/EncryptCookies.php(74): Illuminate\\Pipeline\\Pipeline->{closure:{closure:Illuminate\\Pipeline\\Pipeline::carry():194}:195}(Object(Illuminate\\Http\\Request))
#19 /Users/kayla/Desktop/2nd sem/sisdat prak/project mahaking kos/mahaking-kos/vendor/laravel/framework/src/Illuminate/Pipeline/Pipeline.php(219): Illuminate\\Cookie\\Middleware\\EncryptCookies->handle(Object(Illuminate\\Http\\Request), Object(Closure))
#20 /Users/kayla/Desktop/2nd sem/sisdat prak/project mahaking kos/mahaking-kos/vendor/laravel/framework/src/Illuminate/Pipeline/Pipeline.php(137): Illuminate\\Pipeline\\Pipeline->{closure:{closure:Illuminate\\Pipeline\\Pipeline::carry():194}:195}(Object(Illuminate\\Http\\Request))
#21 /Users/kayla/Desktop/2nd sem/sisdat prak/project mahaking kos/mahaking-kos/vendor/laravel/framework/src/Illuminate/Routing/Router.php(821): Illuminate\\Pipeline\\Pipeline->then(Object(Closure))
#22 /Users/kayla/Desktop/2nd sem/sisdat prak/project mahaking kos/mahaking-kos/vendor/laravel/framework/src/Illuminate/Routing/Router.php(800): Illuminate\\Routing\\Router->runRouteWithinStack(Object(Illuminate\\Routing\\Route), Object(Illuminate\\Http\\Request))
#23 /Users/kayla/Desktop/2nd sem/sisdat prak/project mahaking kos/mahaking-kos/vendor/laravel/framework/src/Illuminate/Routing/Router.php(764): Illuminate\\Routing\\Router->runRoute(Object(Illuminate\\Http\\Request), Object(Illuminate\\Routing\\Route))
#24 /Users/kayla/Desktop/2nd sem/sisdat prak/project mahaking kos/mahaking-kos/vendor/laravel/framework/src/Illuminate/Routing/Router.php(753): Illuminate\\Routing\\Router->dispatchToRoute(Object(Illuminate\\Http\\Request))
#25 /Users/kayla/Desktop/2nd sem/sisdat prak/project mahaking kos/mahaking-kos/vendor/laravel/framework/src/Illuminate/Foundation/Http/Kernel.php(200): Illuminate\\Routing\\Router->dispatch(Object(Illuminate\\Http\\Request))
#26 /Users/kayla/Desktop/2nd sem/sisdat prak/project mahaking kos/mahaking-kos/vendor/laravel/framework/src/Illuminate/Pipeline/Pipeline.php(180): Illuminate\\Foundation\\Http\\Kernel->{closure:Illuminate\\Foundation\\Http\\Kernel::dispatchToRouter():197}(Object(Illuminate\\Http\\Request))
#27 /Users/kayla/Desktop/2nd sem/sisdat prak/project mahaking kos/mahaking-kos/vendor/laravel/framework/src/Illuminate/Foundation/Http/Middleware/TransformsRequest.php(21): Illuminate\\Pipeline\\Pipeline->{closure:Illuminate\\Pipeline\\Pipeline::prepareDestination():178}(Object(Illuminate\\Http\\Request))
#28 /Users/kayla/Desktop/2nd sem/sisdat prak/project mahaking kos/mahaking-kos/vendor/laravel/framework/src/Illuminate/Foundation/Http/Middleware/ConvertEmptyStringsToNull.php(31): Illuminate\\Foundation\\Http\\Middleware\\TransformsRequest->handle(Object(Illuminate\\Http\\Request), Object(Closure))
#29 /Users/kayla/Desktop/2nd sem/sisdat prak/project mahaking kos/mahaking-kos/vendor/laravel/framework/src/Illuminate/Pipeline/Pipeline.php(219): Illuminate\\Foundation\\Http\\Middleware\\ConvertEmptyStringsToNull->handle(Object(Illuminate\\Http\\Request), Object(Closure))
#30 /Users/kayla/Desktop/2nd sem/sisdat prak/project mahaking kos/mahaking-kos/vendor/laravel/framework/src/Illuminate/Foundation/Http/Middleware/TransformsRequest.php(21): Illuminate\\Pipeline\\Pipeline->{closure:{closure:Illuminate\\Pipeline\\Pipeline::carry():194}:195}(Object(Illuminate\\Http\\Request))
#31 /Users/kayla/Desktop/2nd sem/sisdat prak/project mahaking kos/mahaking-kos/vendor/laravel/framework/src/Illuminate/Foundation/Http/Middleware/TrimStrings.php(51): Illuminate\\Foundation\\Http\\Middleware\\TransformsRequest->handle(Object(Illuminate\\Http\\Request), Object(Closure))
#32 /Users/kayla/Desktop/2nd sem/sisdat prak/project mahaking kos/mahaking-kos/vendor/laravel/framework/src/Illuminate/Pipeline/Pipeline.php(219): Illuminate\\Foundation\\Http\\Middleware\\TrimStrings->handle(Object(Illuminate\\Http\\Request), Object(Closure))
#33 /Users/kayla/Desktop/2nd sem/sisdat prak/project mahaking kos/mahaking-kos/vendor/laravel/framework/src/Illuminate/Http/Middleware/ValidatePostSize.php(27): Illuminate\\Pipeline\\Pipeline->{closure:{closure:Illuminate\\Pipeline\\Pipeline::carry():194}:195}(Object(Illuminate\\Http\\Request))
#34 /Users/kayla/Desktop/2nd sem/sisdat prak/project mahaking kos/mahaking-kos/vendor/laravel/framework/src/Illuminate/Pipeline/Pipeline.php(219): Illuminate\\Http\\Middleware\\ValidatePostSize->handle(Object(Illuminate\\Http\\Request), Object(Closure))
#35 /Users/kayla/Desktop/2nd sem/sisdat prak/project mahaking kos/mahaking-kos/vendor/laravel/framework/src/Illuminate/Foundation/Http/Middleware/PreventRequestsDuringMaintenance.php(109): Illuminate\\Pipeline\\Pipeline->{closure:{closure:Illuminate\\Pipeline\\Pipeline::carry():194}:195}(Object(Illuminate\\Http\\Request))
#36 /Users/kayla/Desktop/2nd sem/sisdat prak/project mahaking kos/mahaking-kos/vendor/laravel/framework/src/Illuminate/Pipeline/Pipeline.php(219): Illuminate\\Foundation\\Http\\Middleware\\PreventRequestsDuringMaintenance->handle(Object(Illuminate\\Http\\Request), Object(Closure))
#37 /Users/kayla/Desktop/2nd sem/sisdat prak/project mahaking kos/mahaking-kos/vendor/laravel/framework/src/Illuminate/Http/Middleware/HandleCors.php(61): Illuminate\\Pipeline\\Pipeline->{closure:{closure:Illuminate\\Pipeline\\Pipeline::carry():194}:195}(Object(Illuminate\\Http\\Request))
#38 /Users/kayla/Desktop/2nd sem/sisdat prak/project mahaking kos/mahaking-kos/vendor/laravel/framework/src/Illuminate/Pipeline/Pipeline.php(219): Illuminate\\Http\\Middleware\\HandleCors->handle(Object(Illuminate\\Http\\Request), Object(Closure))
#39 /Users/kayla/Desktop/2nd sem/sisdat prak/project mahaking kos/mahaking-kos/vendor/laravel/framework/src/Illuminate/Http/Middleware/TrustProxies.php(58): Illuminate\\Pipeline\\Pipeline->{closure:{closure:Illuminate\\Pipeline\\Pipeline::carry():194}:195}(Object(Illuminate\\Http\\Request))
#40 /Users/kayla/Desktop/2nd sem/sisdat prak/project mahaking kos/mahaking-kos/vendor/laravel/framework/src/Illuminate/Pipeline/Pipeline.php(219): Illuminate\\Http\\Middleware\\TrustProxies->handle(Object(Illuminate\\Http\\Request), Object(Closure))
#41 /Users/kayla/Desktop/2nd sem/sisdat prak/project mahaking kos/mahaking-kos/vendor/laravel/framework/src/Illuminate/Foundation/Http/Middleware/InvokeDeferredCallbacks.php(22): Illuminate\\Pipeline\\Pipeline->{closure:{closure:Illuminate\\Pipeline\\Pipeline::carry():194}:195}(Object(Illuminate\\Http\\Request))
#42 /Users/kayla/Desktop/2nd sem/sisdat prak/project mahaking kos/mahaking-kos/vendor/laravel/framework/src/Illuminate/Pipeline/Pipeline.php(219): Illuminate\\Foundation\\Http\\Middleware\\InvokeDeferredCallbacks->handle(Object(Illuminate\\Http\\Request), Object(Closure))
#43 /Users/kayla/Desktop/2nd sem/sisdat prak/project mahaking kos/mahaking-kos/vendor/laravel/framework/src/Illuminate/Http/Middleware/ValidatePathEncoding.php(28): Illuminate\\Pipeline\\Pipeline->{closure:{closure:Illuminate\\Pipeline\\Pipeline::carry():194}:195}(Object(Illuminate\\Http\\Request))
#44 /Users/kayla/Desktop/2nd sem/sisdat prak/project mahaking kos/mahaking-kos/vendor/laravel/framework/src/Illuminate/Pipeline/Pipeline.php(219): Illuminate\\Http\\Middleware\\ValidatePathEncoding->handle(Object(Illuminate\\Http\\Request), Object(Closure))
#45 /Users/kayla/Desktop/2nd sem/sisdat prak/project mahaking kos/mahaking-kos/vendor/laravel/framework/src/Illuminate/Pipeline/Pipeline.php(137): Illuminate\\Pipeline\\Pipeline->{closure:{closure:Illuminate\\Pipeline\\Pipeline::carry():194}:195}(Object(Illuminate\\Http\\Request))
#46 /Users/kayla/Desktop/2nd sem/sisdat prak/project mahaking kos/mahaking-kos/vendor/laravel/framework/src/Illuminate/Foundation/Http/Kernel.php(175): Illuminate\\Pipeline\\Pipeline->then(Object(Closure))
#47 /Users/kayla/Desktop/2nd sem/sisdat prak/project mahaking kos/mahaking-kos/vendor/laravel/framework/src/Illuminate/Foundation/Http/Kernel.php(144): Illuminate\\Foundation\\Http\\Kernel->sendRequestThroughRouter(Object(Illuminate\\Http\\Request))
#48 /Users/kayla/Desktop/2nd sem/sisdat prak/project mahaking kos/mahaking-kos/vendor/laravel/framework/src/Illuminate/Foundation/Application.php(1220): Illuminate\\Foundation\\Http\\Kernel->handle(Object(Illuminate\\Http\\Request))
#49 /Users/kayla/Desktop/2nd sem/sisdat prak/project mahaking kos/mahaking-kos/public/index.php(20): Illuminate\\Foundation\\Application->handleRequest(Object(Illuminate\\Http\\Request))
#50 /Users/kayla/Desktop/2nd sem/sisdat prak/project mahaking kos/mahaking-kos/vendor/laravel/framework/src/Illuminate/Foundation/resources/server.php(23): require_once('/Users/kayla/De...')
#51 {main}

[previous exception] [object] (PDOException(code: 42S02): SQLSTATE[42S02]: Base table or view not found: 1146 Table 'mahaking_kos.sessions' doesn't exist at /Users/kayla/Desktop/2nd sem/sisdat prak/project mahaking kos/mahaking-kos/vendor/laravel/framework/src/Illuminate/Database/Connection.php:421)
[stacktrace]
#0 /Users/kayla/Desktop/2nd sem/sisdat prak/project mahaking kos/mahaking-kos/vendor/laravel/framework/src/Illuminate/Database/Connection.php(421): PDO->prepare('select * from `...')
#1 /Users/kayla/Desktop/2nd sem/sisdat prak/project mahaking kos/mahaking-kos/vendor/laravel/framework/src/Illuminate/Database/Connection.php(830): Illuminate\\Database\\Connection->{closure:Illuminate\\Database\\Connection::select():412}('select * from `...', Array)
#2 /Users/kayla/Desktop/2nd sem/sisdat prak/project mahaking kos/mahaking-kos/vendor/laravel/framework/src/Illuminate/Database/Connection.php(797): Illuminate\\Database\\Connection->runQueryCallback('select * from `...', Array, Object(Closure))
#3 /Users/kayla/Desktop/2nd sem/sisdat prak/project mahaking kos/mahaking-kos/vendor/laravel/framework/src/Illuminate/Database/Connection.php(412): Illuminate\\Database\\Connection->run('select * from `...', Array, Object(Closure))
#4 /Users/kayla/Desktop/2nd sem/sisdat prak/project mahaking kos/mahaking-kos/vendor/laravel/framework/src/Illuminate/Database/Query/Builder.php(3567): Illuminate\\Database\\Connection->select('select * from `...', Array, false, Array)
#5 /Users/kayla/Desktop/2nd sem/sisdat prak/project mahaking kos/mahaking-kos/vendor/laravel/framework/src/Illuminate/Database/Query/Builder.php(3551): Illuminate\\Database\\Query\\Builder->runSelect()
#6 /Users/kayla/Desktop/2nd sem/sisdat prak/project mahaking kos/mahaking-kos/vendor/laravel/framework/src/Illuminate/Database/Concerns/BuildsQueries.php(366): Illuminate\\Database\\Query\\Builder->get(Array)
#7 /Users/kayla/Desktop/2nd sem/sisdat prak/project mahaking kos/mahaking-kos/vendor/laravel/framework/src/Illuminate/Database/Query/Builder.php(3469): Illuminate\\Database\\Query\\Builder->first(Array)
#8 /Users/kayla/Desktop/2nd sem/sisdat prak/project mahaking kos/mahaking-kos/vendor/laravel/framework/src/Illuminate/Session/DatabaseSessionHandler.php(96): Illuminate\\Database\\Query\\Builder->find('KLY1fc7EX5zTJSI...')
#9 /Users/kayla/Desktop/2nd sem/sisdat prak/project mahaking kos/mahaking-kos/vendor/laravel/framework/src/Illuminate/Session/Store.php(128): Illuminate\\Session\\DatabaseSessionHandler->read('KLY1fc7EX5zTJSI...')
#10 /Users/kayla/Desktop/2nd sem/sisdat prak/project mahaking kos/mahaking-kos/vendor/laravel/framework/src/Illuminate/Session/Store.php(116): Illuminate\\Session\\Store->readFromHandler()
#11 /Users/kayla/Desktop/2nd sem/sisdat prak/project mahaking kos/mahaking-kos/vendor/laravel/framework/src/Illuminate/Session/Store.php(100): Illuminate\\Session\\Store->loadSession()
#12 /Users/kayla/Desktop/2nd sem/sisdat prak/project mahaking kos/mahaking-kos/vendor/laravel/framework/src/Illuminate/Session/Middleware/StartSession.php(146): Illuminate\\Session\\Store->start()
#13 /Users/kayla/Desktop/2nd sem/sisdat prak/project mahaking kos/mahaking-kos/vendor/laravel/framework/src/Illuminate/Support/helpers.php(393): Illuminate\\Session\\Middleware\\StartSession->{closure:Illuminate\\Session\\Middleware\\StartSession::startSession():143}(Object(Illuminate\\Session\\Store))
#14 /Users/kayla/Desktop/2nd sem/sisdat prak/project mahaking kos/mahaking-kos/vendor/laravel/framework/src/Illuminate/Session/Middleware/StartSession.php(143): tap(Object(Illuminate\\Session\\Store), Object(Closure))
#15 /Users/kayla/Desktop/2nd sem/sisdat prak/project mahaking kos/mahaking-kos/vendor/laravel/framework/src/Illuminate/Session/Middleware/StartSession.php(115): Illuminate\\Session\\Middleware\\StartSession->startSession(Object(Illuminate\\Http\\Request), Object(Illuminate\\Session\\Store))
#16 /Users/kayla/Desktop/2nd sem/sisdat prak/project mahaking kos/mahaking-kos/vendor/laravel/framework/src/Illuminate/Session/Middleware/StartSession.php(63): Illuminate\\Session\\Middleware\\StartSession->handleStatefulRequest(Object(Illuminate\\Http\\Request), Object(Illuminate\\Session\\Store), Object(Closure))
#17 /Users/kayla/Desktop/2nd sem/sisdat prak/project mahaking kos/mahaking-kos/vendor/laravel/framework/src/Illuminate/Pipeline/Pipeline.php(219): Illuminate\\Session\\Middleware\\StartSession->handle(Object(Illuminate\\Http\\Request), Object(Closure))
#18 /Users/kayla/Desktop/2nd sem/sisdat prak/project mahaking kos/mahaking-kos/vendor/laravel/framework/src/Illuminate/Cookie/Middleware/AddQueuedCookiesToResponse.php(36): Illuminate\\Pipeline\\Pipeline->{closure:{closure:Illuminate\\Pipeline\\Pipeline::carry():194}:195}(Object(Illuminate\\Http\\Request))
#19 /Users/kayla/Desktop/2nd sem/sisdat prak/project mahaking kos/mahaking-kos/vendor/laravel/framework/src/Illuminate/Pipeline/Pipeline.php(219): Illuminate\\Cookie\\Middleware\\AddQueuedCookiesToResponse->handle(Object(Illuminate\\Http\\Request), Object(Closure))
#20 /Users/kayla/Desktop/2nd sem/sisdat prak/project mahaking kos/mahaking-kos/vendor/laravel/framework/src/Illuminate/Cookie/Middleware/EncryptCookies.php(74): Illuminate\\Pipeline\\Pipeline->{closure:{closure:Illuminate\\Pipeline\\Pipeline::carry():194}:195}(Object(Illuminate\\Http\\Request))
#21 /Users/kayla/Desktop/2nd sem/sisdat prak/project mahaking kos/mahaking-kos/vendor/laravel/framework/src/Illuminate/Pipeline/Pipeline.php(219): Illuminate\\Cookie\\Middleware\\EncryptCookies->handle(Object(Illuminate\\Http\\Request), Object(Closure))
#22 /Users/kayla/Desktop/2nd sem/sisdat prak/project mahaking kos/mahaking-kos/vendor/laravel/framework/src/Illuminate/Pipeline/Pipeline.php(137): Illuminate\\Pipeline\\Pipeline->{closure:{closure:Illuminate\\Pipeline\\Pipeline::carry():194}:195}(Object(Illuminate\\Http\\Request))
#23 /Users/kayla/Desktop/2nd sem/sisdat prak/project mahaking kos/mahaking-kos/vendor/laravel/framework/src/Illuminate/Routing/Router.php(821): Illuminate\\Pipeline\\Pipeline->then(Object(Closure))
#24 /Users/kayla/Desktop/2nd sem/sisdat prak/project mahaking kos/mahaking-kos/vendor/laravel/framework/src/Illuminate/Routing/Router.php(800): Illuminate\\Routing\\Router->runRouteWithinStack(Object(Illuminate\\Routing\\Route), Object(Illuminate\\Http\\Request))
#25 /Users/kayla/Desktop/2nd sem/sisdat prak/project mahaking kos/mahaking-kos/vendor/laravel/framework/src/Illuminate/Routing/Router.php(764): Illuminate\\Routing\\Router->runRoute(Object(Illuminate\\Http\\Request), Object(Illuminate\\Routing\\Route))
#26 /Users/kayla/Desktop/2nd sem/sisdat prak/project mahaking kos/mahaking-kos/vendor/laravel/framework/src/Illuminate/Routing/Router.php(753): Illuminate\\Routing\\Router->dispatchToRoute(Object(Illuminate\\Http\\Request))
#27 /Users/kayla/Desktop/2nd sem/sisdat prak/project mahaking kos/mahaking-kos/vendor/laravel/framework/src/Illuminate/Foundation/Http/Kernel.php(200): Illuminate\\Routing\\Router->dispatch(Object(Illuminate\\Http\\Request))
#28 /Users/kayla/Desktop/2nd sem/sisdat prak/project mahaking kos/mahaking-kos/vendor/laravel/framework/src/Illuminate/Pipeline/Pipeline.php(180): Illuminate\\Foundation\\Http\\Kernel->{closure:Illuminate\\Foundation\\Http\\Kernel::dispatchToRouter():197}(Object(Illuminate\\Http\\Request))
#29 /Users/kayla/Desktop/2nd sem/sisdat prak/project mahaking kos/mahaking-kos/vendor/laravel/framework/src/Illuminate/Foundation/Http/Middleware/TransformsRequest.php(21): Illuminate\\Pipeline\\Pipeline->{closure:Illuminate\\Pipeline\\Pipeline::prepareDestination():178}(Object(Illuminate\\Http\\Request))
#30 /Users/kayla/Desktop/2nd sem/sisdat prak/project mahaking kos/mahaking-kos/vendor/laravel/framework/src/Illuminate/Foundation/Http/Middleware/ConvertEmptyStringsToNull.php(31): Illuminate\\Foundation\\Http\\Middleware\\TransformsRequest->handle(Object(Illuminate\\Http\\Request), Object(Closure))
#31 /Users/kayla/Desktop/2nd sem/sisdat prak/project mahaking kos/mahaking-kos/vendor/laravel/framework/src/Illuminate/Pipeline/Pipeline.php(219): Illuminate\\Foundation\\Http\\Middleware\\ConvertEmptyStringsToNull->handle(Object(Illuminate\\Http\\Request), Object(Closure))
#32 /Users/kayla/Desktop/2nd sem/sisdat prak/project mahaking kos/mahaking-kos/vendor/laravel/framework/src/Illuminate/Foundation/Http/Middleware/TransformsRequest.php(21): Illuminate\\Pipeline\\Pipeline->{closure:{closure:Illuminate\\Pipeline\\Pipeline::carry():194}:195}(Object(Illuminate\\Http\\Request))
#33 /Users/kayla/Desktop/2nd sem/sisdat prak/project mahaking kos/mahaking-kos/vendor/laravel/framework/src/Illuminate/Foundation/Http/Middleware/TrimStrings.php(51): Illuminate\\Foundation\\Http\\Middleware\\TransformsRequest->handle(Object(Illuminate\\Http\\Request), Object(Closure))
#34 /Users/kayla/Desktop/2nd sem/sisdat prak/project mahaking kos/mahaking-kos/vendor/laravel/framework/src/Illuminate/Pipeline/Pipeline.php(219): Illuminate\\Foundation\\Http\\Middleware\\TrimStrings->handle(Object(Illuminate\\Http\\Request), Object(Closure))
#35 /Users/kayla/Desktop/2nd sem/sisdat prak/project mahaking kos/mahaking-kos/vendor/laravel/framework/src/Illuminate/Http/Middleware/ValidatePostSize.php(27): Illuminate\\Pipeline\\Pipeline->{closure:{closure:Illuminate\\Pipeline\\Pipeline::carry():194}:195}(Object(Illuminate\\Http\\Request))
#36 /Users/kayla/Desktop/2nd sem/sisdat prak/project mahaking kos/mahaking-kos/vendor/laravel/framework/src/Illuminate/Pipeline/Pipeline.php(219): Illuminate\\Http\\Middleware\\ValidatePostSize->handle(Object(Illuminate\\Http\\Request), Object(Closure))
#37 /Users/kayla/Desktop/2nd sem/sisdat prak/project mahaking kos/mahaking-kos/vendor/laravel/framework/src/Illuminate/Foundation/Http/Middleware/PreventRequestsDuringMaintenance.php(109): Illuminate\\Pipeline\\Pipeline->{closure:{closure:Illuminate\\Pipeline\\Pipeline::carry():194}:195}(Object(Illuminate\\Http\\Request))
#38 /Users/kayla/Desktop/2nd sem/sisdat prak/project mahaking kos/mahaking-kos/vendor/laravel/framework/src/Illuminate/Pipeline/Pipeline.php(219): Illuminate\\Foundation\\Http\\Middleware\\PreventRequestsDuringMaintenance->handle(Object(Illuminate\\Http\\Request), Object(Closure))
#39 /Users/kayla/Desktop/2nd sem/sisdat prak/project mahaking kos/mahaking-kos/vendor/laravel/framework/src/Illuminate/Http/Middleware/HandleCors.php(61): Illuminate\\Pipeline\\Pipeline->{closure:{closure:Illuminate\\Pipeline\\Pipeline::carry():194}:195}(Object(Illuminate\\Http\\Request))
#40 /Users/kayla/Desktop/2nd sem/sisdat prak/project mahaking kos/mahaking-kos/vendor/laravel/framework/src/Illuminate/Pipeline/Pipeline.php(219): Illuminate\\Http\\Middleware\\HandleCors->handle(Object(Illuminate\\Http\\Request), Object(Closure))
#41 /Users/kayla/Desktop/2nd sem/sisdat prak/project mahaking kos/mahaking-kos/vendor/laravel/framework/src/Illuminate/Http/Middleware/TrustProxies.php(58): Illuminate\\Pipeline\\Pipeline->{closure:{closure:Illuminate\\Pipeline\\Pipeline::carry():194}:195}(Object(Illuminate\\Http\\Request))
#42 /Users/kayla/Desktop/2nd sem/sisdat prak/project mahaking kos/mahaking-kos/vendor/laravel/framework/src/Illuminate/Pipeline/Pipeline.php(219): Illuminate\\Http\\Middleware\\TrustProxies->handle(Object(Illuminate\\Http\\Request), Object(Closure))
#43 /Users/kayla/Desktop/2nd sem/sisdat prak/project mahaking kos/mahaking-kos/vendor/laravel/framework/src/Illuminate/Foundation/Http/Middleware/InvokeDeferredCallbacks.php(22): Illuminate\\Pipeline\\Pipeline->{closure:{closure:Illuminate\\Pipeline\\Pipeline::carry():194}:195}(Object(Illuminate\\Http\\Request))
#44 /Users/kayla/Desktop/2nd sem/sisdat prak/project mahaking kos/mahaking-kos/vendor/laravel/framework/src/Illuminate/Pipeline/Pipeline.php(219): Illuminate\\Foundation\\Http\\Middleware\\InvokeDeferredCallbacks->handle(Object(Illuminate\\Http\\Request), Object(Closure))
#45 /Users/kayla/Desktop/2nd sem/sisdat prak/project mahaking kos/mahaking-kos/vendor/laravel/framework/src/Illuminate/Http/Middleware/ValidatePathEncoding.php(28): Illuminate\\Pipeline\\Pipeline->{closure:{closure:Illuminate\\Pipeline\\Pipeline::carry():194}:195}(Object(Illuminate\\Http\\Request))
#46 /Users/kayla/Desktop/2nd sem/sisdat prak/project mahaking kos/mahaking-kos/vendor/laravel/framework/src/Illuminate/Pipeline/Pipeline.php(219): Illuminate\\Http\\Middleware\\ValidatePathEncoding->handle(Object(Illuminate\\Http\\Request), Object(Closure))
#47 /Users/kayla/Desktop/2nd sem/sisdat prak/project mahaking kos/mahaking-kos/vendor/laravel/framework/src/Illuminate/Pipeline/Pipeline.php(137): Illuminate\\Pipeline\\Pipeline->{closure:{closure:Illuminate\\Pipeline\\Pipeline::carry():194}:195}(Object(Illuminate\\Http\\Request))
#48 /Users/kayla/Desktop/2nd sem/sisdat prak/project mahaking kos/mahaking-kos/vendor/laravel/framework/src/Illuminate/Foundation/Http/Kernel.php(175): Illuminate\\Pipeline\\Pipeline->then(Object(Closure))
#49 /Users/kayla/Desktop/2nd sem/sisdat prak/project mahaking kos/mahaking-kos/vendor/laravel/framework/src/Illuminate/Foundation/Http/Kernel.php(144): Illuminate\\Foundation\\Http\\Kernel->sendRequestThroughRouter(Object(Illuminate\\Http\\Request))
#50 /Users/kayla/Desktop/2nd sem/sisdat prak/project mahaking kos/mahaking-kos/vendor/laravel/framework/src/Illuminate/Foundation/Application.php(1220): Illuminate\\Foundation\\Http\\Kernel->handle(Object(Illuminate\\Http\\Request))
#51 /Users/kayla/Desktop/2nd sem/sisdat prak/project mahaking kos/mahaking-kos/public/index.php(20): Illuminate\\Foundation\\Application->handleRequest(Object(Illuminate\\Http\\Request))
#52 /Users/kayla/Desktop/2nd sem/sisdat prak/project mahaking kos/mahaking-kos/vendor/laravel/framework/src/Illuminate/Foundation/resources/server.php(23): require_once('/Users/kayla/De...')
#53 {main}
"} 
[2026-05-19 18:51:48] local.ERROR: SQLSTATE[42S02]: Base table or view not found: 1146 Table 'mahaking_kos.sessions' doesn't exist (Connection: mysql, Host: 127.0.0.1, Port: 8889, Database: mahaking_kos, SQL: select * from `sessions` where `id` = lJYUexXY81rlEERBg8zJDlLxmM2voIQ4oKm1WEzo limit 1) {"exception":"[object] (Illuminate\\Database\\QueryException(code: 42S02): SQLSTATE[42S02]: Base table or view not found: 1146 Table 'mahaking_kos.sessions' doesn't exist (Connection: mysql, Host: 127.0.0.1, Port: 8889, Database: mahaking_kos, SQL: select * from `sessions` where `id` = lJYUexXY81rlEERBg8zJDlLxmM2voIQ4oKm1WEzo limit 1) at /Users/kayla/Desktop/2nd sem/sisdat prak/project mahaking kos/mahaking-kos/vendor/laravel/framework/src/Illuminate/Database/Connection.php:841)
[stacktrace]
#0 /Users/kayla/Desktop/2nd sem/sisdat prak/project mahaking kos/mahaking-kos/vendor/laravel/framework/src/Illuminate/Database/Connection.php(797): Illuminate\\Database\\Connection->runQueryCallback('select * from `...', Array, Object(Closure))
#1 /Users/kayla/Desktop/2nd sem/sisdat prak/project mahaking kos/mahaking-kos/vendor/laravel/framework/src/Illuminate/Database/Connection.php(412): Illuminate\\Database\\Connection->run('select * from `...', Array, Object(Closure))
#2 /Users/kayla/Desktop/2nd sem/sisdat prak/project mahaking kos/mahaking-kos/vendor/laravel/framework/src/Illuminate/Database/Query/Builder.php(3567): Illuminate\\Database\\Connection->select('select * from `...', Array, false, Array)
#3 /Users/kayla/Desktop/2nd sem/sisdat prak/project mahaking kos/mahaking-kos/vendor/laravel/framework/src/Illuminate/Database/Query/Builder.php(3551): Illuminate\\Database\\Query\\Builder->runSelect()
#4 /Users/kayla/Desktop/2nd sem/sisdat prak/project mahaking kos/mahaking-kos/vendor/laravel/framework/src/Illuminate/Database/Concerns/BuildsQueries.php(366): Illuminate\\Database\\Query\\Builder->get(Array)
#5 /Users/kayla/Desktop/2nd sem/sisdat prak/project mahaking kos/mahaking-kos/vendor/laravel/framework/src/Illuminate/Database/Query/Builder.php(3469): Illuminate\\Database\\Query\\Builder->first(Array)
#6 /Users/kayla/Desktop/2nd sem/sisdat prak/project mahaking kos/mahaking-kos/vendor/laravel/framework/src/Illuminate/Session/DatabaseSessionHandler.php(96): Illuminate\\Database\\Query\\Builder->find('lJYUexXY81rlEER...')
#7 /Users/kayla/Desktop/2nd sem/sisdat prak/project mahaking kos/mahaking-kos/vendor/laravel/framework/src/Illuminate/Session/Store.php(128): Illuminate\\Session\\DatabaseSessionHandler->read('lJYUexXY81rlEER...')
#8 /Users/kayla/Desktop/2nd sem/sisdat prak/project mahaking kos/mahaking-kos/vendor/laravel/framework/src/Illuminate/Session/Store.php(116): Illuminate\\Session\\Store->readFromHandler()
#9 /Users/kayla/Desktop/2nd sem/sisdat prak/project mahaking kos/mahaking-kos/vendor/laravel/framework/src/Illuminate/Session/Store.php(100): Illuminate\\Session\\Store->loadSession()
#10 /Users/kayla/Desktop/2nd sem/sisdat prak/project mahaking kos/mahaking-kos/vendor/laravel/framework/src/Illuminate/Session/Middleware/StartSession.php(146): Illuminate\\Session\\Store->start()
#11 /Users/kayla/Desktop/2nd sem/sisdat prak/project mahaking kos/mahaking-kos/vendor/laravel/framework/src/Illuminate/Support/helpers.php(393): Illuminate\\Session\\Middleware\\StartSession->{closure:Illuminate\\Session\\Middleware\\StartSession::startSession():143}(Object(Illuminate\\Session\\Store))
#12 /Users/kayla/Desktop/2nd sem/sisdat prak/project mahaking kos/mahaking-kos/vendor/laravel/framework/src/Illuminate/Session/Middleware/StartSession.php(143): tap(Object(Illuminate\\Session\\Store), Object(Closure))
#13 /Users/kayla/Desktop/2nd sem/sisdat prak/project mahaking kos/mahaking-kos/vendor/laravel/framework/src/Illuminate/Session/Middleware/StartSession.php(115): Illuminate\\Session\\Middleware\\StartSession->startSession(Object(Illuminate\\Http\\Request), Object(Illuminate\\Session\\Store))
#14 /Users/kayla/Desktop/2nd sem/sisdat prak/project mahaking kos/mahaking-kos/vendor/laravel/framework/src/Illuminate/Session/Middleware/StartSession.php(63): Illuminate\\Session\\Middleware\\StartSession->handleStatefulRequest(Object(Illuminate\\Http\\Request), Object(Illuminate\\Session\\Store), Object(Closure))
#15 /Users/kayla/Desktop/2nd sem/sisdat prak/project mahaking kos/mahaking-kos/vendor/laravel/framework/src/Illuminate/Pipeline/Pipeline.php(219): Illuminate\\Session\\Middleware\\StartSession->handle(Object(Illuminate\\Http\\Request), Object(Closure))
#16 /Users/kayla/Desktop/2nd sem/sisdat prak/project mahaking kos/mahaking-kos/vendor/laravel/framework/src/Illuminate/Cookie/Middleware/AddQueuedCookiesToResponse.php(36): Illuminate\\Pipeline\\Pipeline->{closure:{closure:Illuminate\\Pipeline\\Pipeline::carry():194}:195}(Object(Illuminate\\Http\\Request))
#17 /Users/kayla/Desktop/2nd sem/sisdat prak/project mahaking kos/mahaking-kos/vendor/laravel/framework/src/Illuminate/Pipeline/Pipeline.php(219): Illuminate\\Cookie\\Middleware\\AddQueuedCookiesToResponse->handle(Object(Illuminate\\Http\\Request), Object(Closure))
#18 /Users/kayla/Desktop/2nd sem/sisdat prak/project mahaking kos/mahaking-kos/vendor/laravel/framework/src/Illuminate/Cookie/Middleware/EncryptCookies.php(74): Illuminate\\Pipeline\\Pipeline->{closure:{closure:Illuminate\\Pipeline\\Pipeline::carry():194}:195}(Object(Illuminate\\Http\\Request))
#19 /Users/kayla/Desktop/2nd sem/sisdat prak/project mahaking kos/mahaking-kos/vendor/laravel/framework/src/Illuminate/Pipeline/Pipeline.php(219): Illuminate\\Cookie\\Middleware\\EncryptCookies->handle(Object(Illuminate\\Http\\Request), Object(Closure))
#20 /Users/kayla/Desktop/2nd sem/sisdat prak/project mahaking kos/mahaking-kos/vendor/laravel/framework/src/Illuminate/Pipeline/Pipeline.php(137): Illuminate\\Pipeline\\Pipeline->{closure:{closure:Illuminate\\Pipeline\\Pipeline::carry():194}:195}(Object(Illuminate\\Http\\Request))
#21 /Users/kayla/Desktop/2nd sem/sisdat prak/project mahaking kos/mahaking-kos/vendor/laravel/framework/src/Illuminate/Routing/Router.php(821): Illuminate\\Pipeline\\Pipeline->then(Object(Closure))
#22 /Users/kayla/Desktop/2nd sem/sisdat prak/project mahaking kos/mahaking-kos/vendor/laravel/framework/src/Illuminate/Routing/Router.php(800): Illuminate\\Routing\\Router->runRouteWithinStack(Object(Illuminate\\Routing\\Route), Object(Illuminate\\Http\\Request))
#23 /Users/kayla/Desktop/2nd sem/sisdat prak/project mahaking kos/mahaking-kos/vendor/laravel/framework/src/Illuminate/Routing/Router.php(764): Illuminate\\Routing\\Router->runRoute(Object(Illuminate\\Http\\Request), Object(Illuminate\\Routing\\Route))
#24 /Users/kayla/Desktop/2nd sem/sisdat prak/project mahaking kos/mahaking-kos/vendor/laravel/framework/src/Illuminate/Routing/Router.php(753): Illuminate\\Routing\\Router->dispatchToRoute(Object(Illuminate\\Http\\Request))
#25 /Users/kayla/Desktop/2nd sem/sisdat prak/project mahaking kos/mahaking-kos/vendor/laravel/framework/src/Illuminate/Foundation/Http/Kernel.php(200): Illuminate\\Routing\\Router->dispatch(Object(Illuminate\\Http\\Request))
#26 /Users/kayla/Desktop/2nd sem/sisdat prak/project mahaking kos/mahaking-kos/vendor/laravel/framework/src/Illuminate/Pipeline/Pipeline.php(180): Illuminate\\Foundation\\Http\\Kernel->{closure:Illuminate\\Foundation\\Http\\Kernel::dispatchToRouter():197}(Object(Illuminate\\Http\\Request))
#27 /Users/kayla/Desktop/2nd sem/sisdat prak/project mahaking kos/mahaking-kos/vendor/laravel/framework/src/Illuminate/Foundation/Http/Middleware/TransformsRequest.php(21): Illuminate\\Pipeline\\Pipeline->{closure:Illuminate\\Pipeline\\Pipeline::prepareDestination():178}(Object(Illuminate\\Http\\Request))
#28 /Users/kayla/Desktop/2nd sem/sisdat prak/project mahaking kos/mahaking-kos/vendor/laravel/framework/src/Illuminate/Foundation/Http/Middleware/ConvertEmptyStringsToNull.php(31): Illuminate\\Foundation\\Http\\Middleware\\TransformsRequest->handle(Object(Illuminate\\Http\\Request), Object(Closure))
#29 /Users/kayla/Desktop/2nd sem/sisdat prak/project mahaking kos/mahaking-kos/vendor/laravel/framework/src/Illuminate/Pipeline/Pipeline.php(219): Illuminate\\Foundation\\Http\\Middleware\\ConvertEmptyStringsToNull->handle(Object(Illuminate\\Http\\Request), Object(Closure))
#30 /Users/kayla/Desktop/2nd sem/sisdat prak/project mahaking kos/mahaking-kos/vendor/laravel/framework/src/Illuminate/Foundation/Http/Middleware/TransformsRequest.php(21): Illuminate\\Pipeline\\Pipeline->{closure:{closure:Illuminate\\Pipeline\\Pipeline::carry():194}:195}(Object(Illuminate\\Http\\Request))
#31 /Users/kayla/Desktop/2nd sem/sisdat prak/project mahaking kos/mahaking-kos/vendor/laravel/framework/src/Illuminate/Foundation/Http/Middleware/TrimStrings.php(51): Illuminate\\Foundation\\Http\\Middleware\\TransformsRequest->handle(Object(Illuminate\\Http\\Request), Object(Closure))
#32 /Users/kayla/Desktop/2nd sem/sisdat prak/project mahaking kos/mahaking-kos/vendor/laravel/framework/src/Illuminate/Pipeline/Pipeline.php(219): Illuminate\\Foundation\\Http\\Middleware\\TrimStrings->handle(Object(Illuminate\\Http\\Request), Object(Closure))
#33 /Users/kayla/Desktop/2nd sem/sisdat prak/project mahaking kos/mahaking-kos/vendor/laravel/framework/src/Illuminate/Http/Middleware/ValidatePostSize.php(27): Illuminate\\Pipeline\\Pipeline->{closure:{closure:Illuminate\\Pipeline\\Pipeline::carry():194}:195}(Object(Illuminate\\Http\\Request))
#34 /Users/kayla/Desktop/2nd sem/sisdat prak/project mahaking kos/mahaking-kos/vendor/laravel/framework/src/Illuminate/Pipeline/Pipeline.php(219): Illuminate\\Http\\Middleware\\ValidatePostSize->handle(Object(Illuminate\\Http\\Request), Object(Closure))
#35 /Users/kayla/Desktop/2nd sem/sisdat prak/project mahaking kos/mahaking-kos/vendor/laravel/framework/src/Illuminate/Foundation/Http/Middleware/PreventRequestsDuringMaintenance.php(109): Illuminate\\Pipeline\\Pipeline->{closure:{closure:Illuminate\\Pipeline\\Pipeline::carry():194}:195}(Object(Illuminate\\Http\\Request))
#36 /Users/kayla/Desktop/2nd sem/sisdat prak/project mahaking kos/mahaking-kos/vendor/laravel/framework/src/Illuminate/Pipeline/Pipeline.php(219): Illuminate\\Foundation\\Http\\Middleware\\PreventRequestsDuringMaintenance->handle(Object(Illuminate\\Http\\Request), Object(Closure))
#37 /Users/kayla/Desktop/2nd sem/sisdat prak/project mahaking kos/mahaking-kos/vendor/laravel/framework/src/Illuminate/Http/Middleware/HandleCors.php(61): Illuminate\\Pipeline\\Pipeline->{closure:{closure:Illuminate\\Pipeline\\Pipeline::carry():194}:195}(Object(Illuminate\\Http\\Request))
#38 /Users/kayla/Desktop/2nd sem/sisdat prak/project mahaking kos/mahaking-kos/vendor/laravel/framework/src/Illuminate/Pipeline/Pipeline.php(219): Illuminate\\Http\\Middleware\\HandleCors->handle(Object(Illuminate\\Http\\Request), Object(Closure))
#39 /Users/kayla/Desktop/2nd sem/sisdat prak/project mahaking kos/mahaking-kos/vendor/laravel/framework/src/Illuminate/Http/Middleware/TrustProxies.php(58): Illuminate\\Pipeline\\Pipeline->{closure:{closure:Illuminate\\Pipeline\\Pipeline::carry():194}:195}(Object(Illuminate\\Http\\Request))
#40 /Users/kayla/Desktop/2nd sem/sisdat prak/project mahaking kos/mahaking-kos/vendor/laravel/framework/src/Illuminate/Pipeline/Pipeline.php(219): Illuminate\\Http\\Middleware\\TrustProxies->handle(Object(Illuminate\\Http\\Request), Object(Closure))
#41 /Users/kayla/Desktop/2nd sem/sisdat prak/project mahaking kos/mahaking-kos/vendor/laravel/framework/src/Illuminate/Foundation/Http/Middleware/InvokeDeferredCallbacks.php(22): Illuminate\\Pipeline\\Pipeline->{closure:{closure:Illuminate\\Pipeline\\Pipeline::carry():194}:195}(Object(Illuminate\\Http\\Request))
#42 /Users/kayla/Desktop/2nd sem/sisdat prak/project mahaking kos/mahaking-kos/vendor/laravel/framework/src/Illuminate/Pipeline/Pipeline.php(219): Illuminate\\Foundation\\Http\\Middleware\\InvokeDeferredCallbacks->handle(Object(Illuminate\\Http\\Request), Object(Closure))
#43 /Users/kayla/Desktop/2nd sem/sisdat prak/project mahaking kos/mahaking-kos/vendor/laravel/framework/src/Illuminate/Http/Middleware/ValidatePathEncoding.php(28): Illuminate\\Pipeline\\Pipeline->{closure:{closure:Illuminate\\Pipeline\\Pipeline::carry():194}:195}(Object(Illuminate\\Http\\Request))
#44 /Users/kayla/Desktop/2nd sem/sisdat prak/project mahaking kos/mahaking-kos/vendor/laravel/framework/src/Illuminate/Pipeline/Pipeline.php(219): Illuminate\\Http\\Middleware\\ValidatePathEncoding->handle(Object(Illuminate\\Http\\Request), Object(Closure))
#45 /Users/kayla/Desktop/2nd sem/sisdat prak/project mahaking kos/mahaking-kos/vendor/laravel/framework/src/Illuminate/Pipeline/Pipeline.php(137): Illuminate\\Pipeline\\Pipeline->{closure:{closure:Illuminate\\Pipeline\\Pipeline::carry():194}:195}(Object(Illuminate\\Http\\Request))
#46 /Users/kayla/Desktop/2nd sem/sisdat prak/project mahaking kos/mahaking-kos/vendor/laravel/framework/src/Illuminate/Foundation/Http/Kernel.php(175): Illuminate\\Pipeline\\Pipeline->then(Object(Closure))
#47 /Users/kayla/Desktop/2nd sem/sisdat prak/project mahaking kos/mahaking-kos/vendor/laravel/framework/src/Illuminate/Foundation/Http/Kernel.php(144): Illuminate\\Foundation\\Http\\Kernel->sendRequestThroughRouter(Object(Illuminate\\Http\\Request))
#48 /Users/kayla/Desktop/2nd sem/sisdat prak/project mahaking kos/mahaking-kos/vendor/laravel/framework/src/Illuminate/Foundation/Application.php(1220): Illuminate\\Foundation\\Http\\Kernel->handle(Object(Illuminate\\Http\\Request))
#49 /Users/kayla/Desktop/2nd sem/sisdat prak/project mahaking kos/mahaking-kos/public/index.php(20): Illuminate\\Foundation\\Application->handleRequest(Object(Illuminate\\Http\\Request))
#50 /Users/kayla/Desktop/2nd sem/sisdat prak/project mahaking kos/mahaking-kos/vendor/laravel/framework/src/Illuminate/Foundation/resources/server.php(23): require_once('/Users/kayla/De...')
#51 {main}

[previous exception] [object] (PDOException(code: 42S02): SQLSTATE[42S02]: Base table or view not found: 1146 Table 'mahaking_kos.sessions' doesn't exist at /Users/kayla/Desktop/2nd sem/sisdat prak/project mahaking kos/mahaking-kos/vendor/laravel/framework/src/Illuminate/Database/Connection.php:421)
[stacktrace]
#0 /Users/kayla/Desktop/2nd sem/sisdat prak/project mahaking kos/mahaking-kos/vendor/laravel/framework/src/Illuminate/Database/Connection.php(421): PDO->prepare('select * from `...')
#1 /Users/kayla/Desktop/2nd sem/sisdat prak/project mahaking kos/mahaking-kos/vendor/laravel/framework/src/Illuminate/Database/Connection.php(830): Illuminate\\Database\\Connection->{closure:Illuminate\\Database\\Connection::select():412}('select * from `...', Array)
#2 /Users/kayla/Desktop/2nd sem/sisdat prak/project mahaking kos/mahaking-kos/vendor/laravel/framework/src/Illuminate/Database/Connection.php(797): Illuminate\\Database\\Connection->runQueryCallback('select * from `...', Array, Object(Closure))
#3 /Users/kayla/Desktop/2nd sem/sisdat prak/project mahaking kos/mahaking-kos/vendor/laravel/framework/src/Illuminate/Database/Connection.php(412): Illuminate\\Database\\Connection->run('select * from `...', Array, Object(Closure))
#4 /Users/kayla/Desktop/2nd sem/sisdat prak/project mahaking kos/mahaking-kos/vendor/laravel/framework/src/Illuminate/Database/Query/Builder.php(3567): Illuminate\\Database\\Connection->select('select * from `...', Array, false, Array)
#5 /Users/kayla/Desktop/2nd sem/sisdat prak/project mahaking kos/mahaking-kos/vendor/laravel/framework/src/Illuminate/Database/Query/Builder.php(3551): Illuminate\\Database\\Query\\Builder->runSelect()
#6 /Users/kayla/Desktop/2nd sem/sisdat prak/project mahaking kos/mahaking-kos/vendor/laravel/framework/src/Illuminate/Database/Concerns/BuildsQueries.php(366): Illuminate\\Database\\Query\\Builder->get(Array)
#7 /Users/kayla/Desktop/2nd sem/sisdat prak/project mahaking kos/mahaking-kos/vendor/laravel/framework/src/Illuminate/Database/Query/Builder.php(3469): Illuminate\\Database\\Query\\Builder->first(Array)
#8 /Users/kayla/Desktop/2nd sem/sisdat prak/project mahaking kos/mahaking-kos/vendor/laravel/framework/src/Illuminate/Session/DatabaseSessionHandler.php(96): Illuminate\\Database\\Query\\Builder->find('lJYUexXY81rlEER...')
#9 /Users/kayla/Desktop/2nd sem/sisdat prak/project mahaking kos/mahaking-kos/vendor/laravel/framework/src/Illuminate/Session/Store.php(128): Illuminate\\Session\\DatabaseSessionHandler->read('lJYUexXY81rlEER...')
#10 /Users/kayla/Desktop/2nd sem/sisdat prak/project mahaking kos/mahaking-kos/vendor/laravel/framework/src/Illuminate/Session/Store.php(116): Illuminate\\Session\\Store->readFromHandler()
#11 /Users/kayla/Desktop/2nd sem/sisdat prak/project mahaking kos/mahaking-kos/vendor/laravel/framework/src/Illuminate/Session/Store.php(100): Illuminate\\Session\\Store->loadSession()
#12 /Users/kayla/Desktop/2nd sem/sisdat prak/project mahaking kos/mahaking-kos/vendor/laravel/framework/src/Illuminate/Session/Middleware/StartSession.php(146): Illuminate\\Session\\Store->start()
#13 /Users/kayla/Desktop/2nd sem/sisdat prak/project mahaking kos/mahaking-kos/vendor/laravel/framework/src/Illuminate/Support/helpers.php(393): Illuminate\\Session\\Middleware\\StartSession->{closure:Illuminate\\Session\\Middleware\\StartSession::startSession():143}(Object(Illuminate\\Session\\Store))
#14 /Users/kayla/Desktop/2nd sem/sisdat prak/project mahaking kos/mahaking-kos/vendor/laravel/framework/src/Illuminate/Session/Middleware/StartSession.php(143): tap(Object(Illuminate\\Session\\Store), Object(Closure))
#15 /Users/kayla/Desktop/2nd sem/sisdat prak/project mahaking kos/mahaking-kos/vendor/laravel/framework/src/Illuminate/Session/Middleware/StartSession.php(115): Illuminate\\Session\\Middleware\\StartSession->startSession(Object(Illuminate\\Http\\Request), Object(Illuminate\\Session\\Store))
#16 /Users/kayla/Desktop/2nd sem/sisdat prak/project mahaking kos/mahaking-kos/vendor/laravel/framework/src/Illuminate/Session/Middleware/StartSession.php(63): Illuminate\\Session\\Middleware\\StartSession->handleStatefulRequest(Object(Illuminate\\Http\\Request), Object(Illuminate\\Session\\Store), Object(Closure))
#17 /Users/kayla/Desktop/2nd sem/sisdat prak/project mahaking kos/mahaking-kos/vendor/laravel/framework/src/Illuminate/Pipeline/Pipeline.php(219): Illuminate\\Session\\Middleware\\StartSession->handle(Object(Illuminate\\Http\\Request), Object(Closure))
#18 /Users/kayla/Desktop/2nd sem/sisdat prak/project mahaking kos/mahaking-kos/vendor/laravel/framework/src/Illuminate/Cookie/Middleware/AddQueuedCookiesToResponse.php(36): Illuminate\\Pipeline\\Pipeline->{closure:{closure:Illuminate\\Pipeline\\Pipeline::carry():194}:195}(Object(Illuminate\\Http\\Request))
#19 /Users/kayla/Desktop/2nd sem/sisdat prak/project mahaking kos/mahaking-kos/vendor/laravel/framework/src/Illuminate/Pipeline/Pipeline.php(219): Illuminate\\Cookie\\Middleware\\AddQueuedCookiesToResponse->handle(Object(Illuminate\\Http\\Request), Object(Closure))
#20 /Users/kayla/Desktop/2nd sem/sisdat prak/project mahaking kos/mahaking-kos/vendor/laravel/framework/src/Illuminate/Cookie/Middleware/EncryptCookies.php(74): Illuminate\\Pipeline\\Pipeline->{closure:{closure:Illuminate\\Pipeline\\Pipeline::carry():194}:195}(Object(Illuminate\\Http\\Request))
#21 /Users/kayla/Desktop/2nd sem/sisdat prak/project mahaking kos/mahaking-kos/vendor/laravel/framework/src/Illuminate/Pipeline/Pipeline.php(219): Illuminate\\Cookie\\Middleware\\EncryptCookies->handle(Object(Illuminate\\Http\\Request), Object(Closure))
#22 /Users/kayla/Desktop/2nd sem/sisdat prak/project mahaking kos/mahaking-kos/vendor/laravel/framework/src/Illuminate/Pipeline/Pipeline.php(137): Illuminate\\Pipeline\\Pipeline->{closure:{closure:Illuminate\\Pipeline\\Pipeline::carry():194}:195}(Object(Illuminate\\Http\\Request))
#23 /Users/kayla/Desktop/2nd sem/sisdat prak/project mahaking kos/mahaking-kos/vendor/laravel/framework/src/Illuminate/Routing/Router.php(821): Illuminate\\Pipeline\\Pipeline->then(Object(Closure))
#24 /Users/kayla/Desktop/2nd sem/sisdat prak/project mahaking kos/mahaking-kos/vendor/laravel/framework/src/Illuminate/Routing/Router.php(800): Illuminate\\Routing\\Router->runRouteWithinStack(Object(Illuminate\\Routing\\Route), Object(Illuminate\\Http\\Request))
#25 /Users/kayla/Desktop/2nd sem/sisdat prak/project mahaking kos/mahaking-kos/vendor/laravel/framework/src/Illuminate/Routing/Router.php(764): Illuminate\\Routing\\Router->runRoute(Object(Illuminate\\Http\\Request), Object(Illuminate\\Routing\\Route))
#26 /Users/kayla/Desktop/2nd sem/sisdat prak/project mahaking kos/mahaking-kos/vendor/laravel/framework/src/Illuminate/Routing/Router.php(753): Illuminate\\Routing\\Router->dispatchToRoute(Object(Illuminate\\Http\\Request))
#27 /Users/kayla/Desktop/2nd sem/sisdat prak/project mahaking kos/mahaking-kos/vendor/laravel/framework/src/Illuminate/Foundation/Http/Kernel.php(200): Illuminate\\Routing\\Router->dispatch(Object(Illuminate\\Http\\Request))
#28 /Users/kayla/Desktop/2nd sem/sisdat prak/project mahaking kos/mahaking-kos/vendor/laravel/framework/src/Illuminate/Pipeline/Pipeline.php(180): Illuminate\\Foundation\\Http\\Kernel->{closure:Illuminate\\Foundation\\Http\\Kernel::dispatchToRouter():197}(Object(Illuminate\\Http\\Request))
#29 /Users/kayla/Desktop/2nd sem/sisdat prak/project mahaking kos/mahaking-kos/vendor/laravel/framework/src/Illuminate/Foundation/Http/Middleware/TransformsRequest.php(21): Illuminate\\Pipeline\\Pipeline->{closure:Illuminate\\Pipeline\\Pipeline::prepareDestination():178}(Object(Illuminate\\Http\\Request))
#30 /Users/kayla/Desktop/2nd sem/sisdat prak/project mahaking kos/mahaking-kos/vendor/laravel/framework/src/Illuminate/Foundation/Http/Middleware/ConvertEmptyStringsToNull.php(31): Illuminate\\Foundation\\Http\\Middleware\\TransformsRequest->handle(Object(Illuminate\\Http\\Request), Object(Closure))
#31 /Users/kayla/Desktop/2nd sem/sisdat prak/project mahaking kos/mahaking-kos/vendor/laravel/framework/src/Illuminate/Pipeline/Pipeline.php(219): Illuminate\\Foundation\\Http\\Middleware\\ConvertEmptyStringsToNull->handle(Object(Illuminate\\Http\\Request), Object(Closure))
#32 /Users/kayla/Desktop/2nd sem/sisdat prak/project mahaking kos/mahaking-kos/vendor/laravel/framework/src/Illuminate/Foundation/Http/Middleware/TransformsRequest.php(21): Illuminate\\Pipeline\\Pipeline->{closure:{closure:Illuminate\\Pipeline\\Pipeline::carry():194}:195}(Object(Illuminate\\Http\\Request))
#33 /Users/kayla/Desktop/2nd sem/sisdat prak/project mahaking kos/mahaking-kos/vendor/laravel/framework/src/Illuminate/Foundation/Http/Middleware/TrimStrings.php(51): Illuminate\\Foundation\\Http\\Middleware\\TransformsRequest->handle(Object(Illuminate\\Http\\Request), Object(Closure))
#34 /Users/kayla/Desktop/2nd sem/sisdat prak/project mahaking kos/mahaking-kos/vendor/laravel/framework/src/Illuminate/Pipeline/Pipeline.php(219): Illuminate\\Foundation\\Http\\Middleware\\TrimStrings->handle(Object(Illuminate\\Http\\Request), Object(Closure))
#35 /Users/kayla/Desktop/2nd sem/sisdat prak/project mahaking kos/mahaking-kos/vendor/laravel/framework/src/Illuminate/Http/Middleware/ValidatePostSize.php(27): Illuminate\\Pipeline\\Pipeline->{closure:{closure:Illuminate\\Pipeline\\Pipeline::carry():194}:195}(Object(Illuminate\\Http\\Request))
#36 /Users/kayla/Desktop/2nd sem/sisdat prak/project mahaking kos/mahaking-kos/vendor/laravel/framework/src/Illuminate/Pipeline/Pipeline.php(219): Illuminate\\Http\\Middleware\\ValidatePostSize->handle(Object(Illuminate\\Http\\Request), Object(Closure))
#37 /Users/kayla/Desktop/2nd sem/sisdat prak/project mahaking kos/mahaking-kos/vendor/laravel/framework/src/Illuminate/Foundation/Http/Middleware/PreventRequestsDuringMaintenance.php(109): Illuminate\\Pipeline\\Pipeline->{closure:{closure:Illuminate\\Pipeline\\Pipeline::carry():194}:195}(Object(Illuminate\\Http\\Request))
#38 /Users/kayla/Desktop/2nd sem/sisdat prak/project mahaking kos/mahaking-kos/vendor/laravel/framework/src/Illuminate/Pipeline/Pipeline.php(219): Illuminate\\Foundation\\Http\\Middleware\\PreventRequestsDuringMaintenance->handle(Object(Illuminate\\Http\\Request), Object(Closure))
#39 /Users/kayla/Desktop/2nd sem/sisdat prak/project mahaking kos/mahaking-kos/vendor/laravel/framework/src/Illuminate/Http/Middleware/HandleCors.php(61): Illuminate\\Pipeline\\Pipeline->{closure:{closure:Illuminate\\Pipeline\\Pipeline::carry():194}:195}(Object(Illuminate\\Http\\Request))
#40 /Users/kayla/Desktop/2nd sem/sisdat prak/project mahaking kos/mahaking-kos/vendor/laravel/framework/src/Illuminate/Pipeline/Pipeline.php(219): Illuminate\\Http\\Middleware\\HandleCors->handle(Object(Illuminate\\Http\\Request), Object(Closure))
#41 /Users/kayla/Desktop/2nd sem/sisdat prak/project mahaking kos/mahaking-kos/vendor/laravel/framework/src/Illuminate/Http/Middleware/TrustProxies.php(58): Illuminate\\Pipeline\\Pipeline->{closure:{closure:Illuminate\\Pipeline\\Pipeline::carry():194}:195}(Object(Illuminate\\Http\\Request))
#42 /Users/kayla/Desktop/2nd sem/sisdat prak/project mahaking kos/mahaking-kos/vendor/laravel/framework/src/Illuminate/Pipeline/Pipeline.php(219): Illuminate\\Http\\Middleware\\TrustProxies->handle(Object(Illuminate\\Http\\Request), Object(Closure))
#43 /Users/kayla/Desktop/2nd sem/sisdat prak/project mahaking kos/mahaking-kos/vendor/laravel/framework/src/Illuminate/Foundation/Http/Middleware/InvokeDeferredCallbacks.php(22): Illuminate\\Pipeline\\Pipeline->{closure:{closure:Illuminate\\Pipeline\\Pipeline::carry():194}:195}(Object(Illuminate\\Http\\Request))
#44 /Users/kayla/Desktop/2nd sem/sisdat prak/project mahaking kos/mahaking-kos/vendor/laravel/framework/src/Illuminate/Pipeline/Pipeline.php(219): Illuminate\\Foundation\\Http\\Middleware\\InvokeDeferredCallbacks->handle(Object(Illuminate\\Http\\Request), Object(Closure))
#45 /Users/kayla/Desktop/2nd sem/sisdat prak/project mahaking kos/mahaking-kos/vendor/laravel/framework/src/Illuminate/Http/Middleware/ValidatePathEncoding.php(28): Illuminate\\Pipeline\\Pipeline->{closure:{closure:Illuminate\\Pipeline\\Pipeline::carry():194}:195}(Object(Illuminate\\Http\\Request))
#46 /Users/kayla/Desktop/2nd sem/sisdat prak/project mahaking kos/mahaking-kos/vendor/laravel/framework/src/Illuminate/Pipeline/Pipeline.php(219): Illuminate\\Http\\Middleware\\ValidatePathEncoding->handle(Object(Illuminate\\Http\\Request), Object(Closure))
#47 /Users/kayla/Desktop/2nd sem/sisdat prak/project mahaking kos/mahaking-kos/vendor/laravel/framework/src/Illuminate/Pipeline/Pipeline.php(137): Illuminate\\Pipeline\\Pipeline->{closure:{closure:Illuminate\\Pipeline\\Pipeline::carry():194}:195}(Object(Illuminate\\Http\\Request))
#48 /Users/kayla/Desktop/2nd sem/sisdat prak/project mahaking kos/mahaking-kos/vendor/laravel/framework/src/Illuminate/Foundation/Http/Kernel.php(175): Illuminate\\Pipeline\\Pipeline->then(Object(Closure))
#49 /Users/kayla/Desktop/2nd sem/sisdat prak/project mahaking kos/mahaking-kos/vendor/laravel/framework/src/Illuminate/Foundation/Http/Kernel.php(144): Illuminate\\Foundation\\Http\\Kernel->sendRequestThroughRouter(Object(Illuminate\\Http\\Request))
#50 /Users/kayla/Desktop/2nd sem/sisdat prak/project mahaking kos/mahaking-kos/vendor/laravel/framework/src/Illuminate/Foundation/Application.php(1220): Illuminate\\Foundation\\Http\\Kernel->handle(Object(Illuminate\\Http\\Request))
#51 /Users/kayla/Desktop/2nd sem/sisdat prak/project mahaking kos/mahaking-kos/public/index.php(20): Illuminate\\Foundation\\Application->handleRequest(Object(Illuminate\\Http\\Request))
#52 /Users/kayla/Desktop/2nd sem/sisdat prak/project mahaking kos/mahaking-kos/vendor/laravel/framework/src/Illuminate/Foundation/resources/server.php(23): require_once('/Users/kayla/De...')
#53 {main}
"} 
[2026-05-20 06:39:57] local.ERROR: There are no commands defined in the "make:" namespace.

Did you mean this?
    make {"exception":"[object] (Symfony\\Component\\Console\\Exception\\NamespaceNotFoundException(code: 0): There are no commands defined in the \"make:\" namespace.

Did you mean this?
    make at /Users/kayla/Desktop/2nd sem/sisdat prak/project mahaking kos/mahaking-kos/vendor/symfony/console/Application.php:684)
[stacktrace]
#0 /Users/kayla/Desktop/2nd sem/sisdat prak/project mahaking kos/mahaking-kos/vendor/symfony/console/Application.php(733): Symfony\\Component\\Console\\Application->findNamespace('make:')
#1 /Users/kayla/Desktop/2nd sem/sisdat prak/project mahaking kos/mahaking-kos/vendor/symfony/console/Application.php(298): Symfony\\Component\\Console\\Application->find('make::migration')
#2 /Users/kayla/Desktop/2nd sem/sisdat prak/project mahaking kos/mahaking-kos/vendor/symfony/console/Application.php(195): Symfony\\Component\\Console\\Application->doRun(Object(Symfony\\Component\\Console\\Input\\ArgvInput), Object(Symfony\\Component\\Console\\Output\\ConsoleOutput))
#3 /Users/kayla/Desktop/2nd sem/sisdat prak/project mahaking kos/mahaking-kos/vendor/laravel/framework/src/Illuminate/Foundation/Console/Kernel.php(198): Symfony\\Component\\Console\\Application->run(Object(Symfony\\Component\\Console\\Input\\ArgvInput), Object(Symfony\\Component\\Console\\Output\\ConsoleOutput))
#4 /Users/kayla/Desktop/2nd sem/sisdat prak/project mahaking kos/mahaking-kos/vendor/laravel/framework/src/Illuminate/Foundation/Application.php(1235): Illuminate\\Foundation\\Console\\Kernel->handle(Object(Symfony\\Component\\Console\\Input\\ArgvInput), Object(Symfony\\Component\\Console\\Output\\ConsoleOutput))
#5 /Users/kayla/Desktop/2nd sem/sisdat prak/project mahaking kos/mahaking-kos/artisan(16): Illuminate\\Foundation\\Application->handleCommand(Object(Symfony\\Component\\Console\\Input\\ArgvInput))
#6 {main}
"} 
[2026-05-25 04:57:10] local.ERROR: SQLSTATE[HY000]: General error: 1824 Failed to open the referenced table 'user' (Connection: mysql, Host: 127.0.0.1, Port: 8889, Database: mahaking_kos, SQL: alter table `pemilik_kos` add constraint `pemilik_kos_id_user_foreign` foreign key (`id_user`) references `user` (`id_user`)) {"exception":"[object] (Illuminate\\Database\\QueryException(code: HY000): SQLSTATE[HY000]: General error: 1824 Failed to open the referenced table 'user' (Connection: mysql, Host: 127.0.0.1, Port: 8889, Database: mahaking_kos, SQL: alter table `pemilik_kos` add constraint `pemilik_kos_id_user_foreign` foreign key (`id_user`) references `user` (`id_user`)) at /Users/kayla/Desktop/2nd sem/sisdat prak/project mahaking kos/mahaking-kos/vendor/laravel/framework/src/Illuminate/Database/Connection.php:841)
[stacktrace]
#0 /Users/kayla/Desktop/2nd sem/sisdat prak/project mahaking kos/mahaking-kos/vendor/laravel/framework/src/Illuminate/Database/Connection.php(797): Illuminate\\Database\\Connection->runQueryCallback('alter table `pe...', Array, Object(Closure))
#1 /Users/kayla/Desktop/2nd sem/sisdat prak/project mahaking kos/mahaking-kos/vendor/laravel/framework/src/Illuminate/Database/Connection.php(576): Illuminate\\Database\\Connection->run('alter table `pe...', Array, Object(Closure))
#2 /Users/kayla/Desktop/2nd sem/sisdat prak/project mahaking kos/mahaking-kos/vendor/laravel/framework/src/Illuminate/Database/Schema/Blueprint.php(121): Illuminate\\Database\\Connection->statement('alter table `pe...')
#3 /Users/kayla/Desktop/2nd sem/sisdat prak/project mahaking kos/mahaking-kos/vendor/laravel/framework/src/Illuminate/Database/Schema/Builder.php(690): Illuminate\\Database\\Schema\\Blueprint->build()
#4 /Users/kayla/Desktop/2nd sem/sisdat prak/project mahaking kos/mahaking-kos/vendor/laravel/framework/src/Illuminate/Database/Schema/Builder.php(508): Illuminate\\Database\\Schema\\Builder->build(Object(Illuminate\\Database\\Schema\\Blueprint))
#5 /Users/kayla/Desktop/2nd sem/sisdat prak/project mahaking kos/mahaking-kos/vendor/laravel/framework/src/Illuminate/Support/Facades/Facade.php(363): Illuminate\\Database\\Schema\\Builder->create('pemilik_kos', Object(Closure))
#6 /Users/kayla/Desktop/2nd sem/sisdat prak/project mahaking kos/mahaking-kos/database/migrations/2026_05_19_182217_create_pemilik_kos_table.php(14): Illuminate\\Support\\Facades\\Facade::__callStatic('create', Array)
#7 /Users/kayla/Desktop/2nd sem/sisdat prak/project mahaking kos/mahaking-kos/vendor/laravel/framework/src/Illuminate/Database/Migrations/Migrator.php(517): Illuminate\\Database\\Migrations\\Migration@anonymous->up()
#8 /Users/kayla/Desktop/2nd sem/sisdat prak/project mahaking kos/mahaking-kos/vendor/laravel/framework/src/Illuminate/Database/Migrations/Migrator.php(442): Illuminate\\Database\\Migrations\\Migrator->runMethod(Object(Illuminate\\Database\\MySqlConnection), Object(Illuminate\\Database\\Migrations\\Migration@anonymous), 'up')
#9 /Users/kayla/Desktop/2nd sem/sisdat prak/project mahaking kos/mahaking-kos/vendor/laravel/framework/src/Illuminate/Database/Migrations/Migrator.php(451): Illuminate\\Database\\Migrations\\Migrator->{closure:Illuminate\\Database\\Migrations\\Migrator::runMigration():438}()
#10 /Users/kayla/Desktop/2nd sem/sisdat prak/project mahaking kos/mahaking-kos/vendor/laravel/framework/src/Illuminate/Database/Migrations/Migrator.php(253): Illuminate\\Database\\Migrations\\Migrator->runMigration(Object(Illuminate\\Database\\Migrations\\Migration@anonymous), 'up', '2026_05_19_1822...')
#11 /Users/kayla/Desktop/2nd sem/sisdat prak/project mahaking kos/mahaking-kos/vendor/laravel/framework/src/Illuminate/Console/View/Components/Task.php(43): Illuminate\\Database\\Migrations\\Migrator->{closure:Illuminate\\Database\\Migrations\\Migrator::runUp():253}()
#12 /Users/kayla/Desktop/2nd sem/sisdat prak/project mahaking kos/mahaking-kos/vendor/laravel/framework/src/Illuminate/Database/Migrations/Migrator.php(814): Illuminate\\Console\\View\\Components\\Task->render('2026_05_19_1822...', Object(Closure))
#13 /Users/kayla/Desktop/2nd sem/sisdat prak/project mahaking kos/mahaking-kos/vendor/laravel/framework/src/Illuminate/Database/Migrations/Migrator.php(253): Illuminate\\Database\\Migrations\\Migrator->write('Illuminate\\\\Cons...', '2026_05_19_1822...', Object(Closure))
#14 /Users/kayla/Desktop/2nd sem/sisdat prak/project mahaking kos/mahaking-kos/vendor/laravel/framework/src/Illuminate/Database/Migrations/Migrator.php(211): Illuminate\\Database\\Migrations\\Migrator->runUp('/Users/kayla/De...', 1, false)
#15 /Users/kayla/Desktop/2nd sem/sisdat prak/project mahaking kos/mahaking-kos/vendor/laravel/framework/src/Illuminate/Database/Migrations/Migrator.php(138): Illuminate\\Database\\Migrations\\Migrator->runPending(Array, Array)
#16 /Users/kayla/Desktop/2nd sem/sisdat prak/project mahaking kos/mahaking-kos/vendor/laravel/framework/src/Illuminate/Database/Console/Migrations/MigrateCommand.php(118): Illuminate\\Database\\Migrations\\Migrator->run(Array, Array)
#17 /Users/kayla/Desktop/2nd sem/sisdat prak/project mahaking kos/mahaking-kos/vendor/laravel/framework/src/Illuminate/Database/Migrations/Migrator.php(671): Illuminate\\Database\\Console\\Migrations\\MigrateCommand->{closure:Illuminate\\Database\\Console\\Migrations\\MigrateCommand::runMigrations():111}()
#18 /Users/kayla/Desktop/2nd sem/sisdat prak/project mahaking kos/mahaking-kos/vendor/laravel/framework/src/Illuminate/Database/Console/Migrations/MigrateCommand.php(111): Illuminate\\Database\\Migrations\\Migrator->usingConnection(NULL, Object(Closure))
#19 /Users/kayla/Desktop/2nd sem/sisdat prak/project mahaking kos/mahaking-kos/vendor/laravel/framework/src/Illuminate/Database/Console/Migrations/MigrateCommand.php(90): Illuminate\\Database\\Console\\Migrations\\MigrateCommand->runMigrations()
#20 /Users/kayla/Desktop/2nd sem/sisdat prak/project mahaking kos/mahaking-kos/vendor/laravel/framework/src/Illuminate/Container/BoundMethod.php(36): Illuminate\\Database\\Console\\Migrations\\MigrateCommand->handle()
#21 /Users/kayla/Desktop/2nd sem/sisdat prak/project mahaking kos/mahaking-kos/vendor/laravel/framework/src/Illuminate/Container/Util.php(43): Illuminate\\Container\\BoundMethod::{closure:Illuminate\\Container\\BoundMethod::call():35}()
#22 /Users/kayla/Desktop/2nd sem/sisdat prak/project mahaking kos/mahaking-kos/vendor/laravel/framework/src/Illuminate/Container/BoundMethod.php(96): Illuminate\\Container\\Util::unwrapIfClosure(Object(Closure))
#23 /Users/kayla/Desktop/2nd sem/sisdat prak/project mahaking kos/mahaking-kos/vendor/laravel/framework/src/Illuminate/Container/BoundMethod.php(35): Illuminate\\Container\\BoundMethod::callBoundMethod(Object(Illuminate\\Foundation\\Application), Array, Object(Closure))
#24 /Users/kayla/Desktop/2nd sem/sisdat prak/project mahaking kos/mahaking-kos/vendor/laravel/framework/src/Illuminate/Container/Container.php(799): Illuminate\\Container\\BoundMethod::call(Object(Illuminate\\Foundation\\Application), Array, Array, NULL)
#25 /Users/kayla/Desktop/2nd sem/sisdat prak/project mahaking kos/mahaking-kos/vendor/laravel/framework/src/Illuminate/Console/Command.php(280): Illuminate\\Container\\Container->call(Array)
#26 /Users/kayla/Desktop/2nd sem/sisdat prak/project mahaking kos/mahaking-kos/vendor/symfony/console/Command/Command.php(291): Illuminate\\Console\\Command->execute(Object(Symfony\\Component\\Console\\Input\\ArrayInput), Object(Illuminate\\Console\\OutputStyle))
#27 /Users/kayla/Desktop/2nd sem/sisdat prak/project mahaking kos/mahaking-kos/vendor/laravel/framework/src/Illuminate/Console/Command.php(249): Symfony\\Component\\Console\\Command\\Command->run(Object(Symfony\\Component\\Console\\Input\\ArrayInput), Object(Illuminate\\Console\\OutputStyle))
#28 /Users/kayla/Desktop/2nd sem/sisdat prak/project mahaking kos/mahaking-kos/vendor/laravel/framework/src/Illuminate/Console/Concerns/CallsCommands.php(68): Illuminate\\Console\\Command->run(Object(Symfony\\Component\\Console\\Input\\ArrayInput), Object(Illuminate\\Console\\OutputStyle))
#29 /Users/kayla/Desktop/2nd sem/sisdat prak/project mahaking kos/mahaking-kos/vendor/laravel/framework/src/Illuminate/Console/Concerns/CallsCommands.php(29): Illuminate\\Console\\Command->runCommand('migrate', Array, Object(Illuminate\\Console\\OutputStyle))
#30 /Users/kayla/Desktop/2nd sem/sisdat prak/project mahaking kos/mahaking-kos/vendor/laravel/framework/src/Illuminate/Database/Console/Migrations/FreshCommand.php(88): Illuminate\\Console\\Command->call('migrate', Array)
#31 /Users/kayla/Desktop/2nd sem/sisdat prak/project mahaking kos/mahaking-kos/vendor/laravel/framework/src/Illuminate/Container/BoundMethod.php(36): Illuminate\\Database\\Console\\Migrations\\FreshCommand->handle()
#32 /Users/kayla/Desktop/2nd sem/sisdat prak/project mahaking kos/mahaking-kos/vendor/laravel/framework/src/Illuminate/Container/Util.php(43): Illuminate\\Container\\BoundMethod::{closure:Illuminate\\Container\\BoundMethod::call():35}()
#33 /Users/kayla/Desktop/2nd sem/sisdat prak/project mahaking kos/mahaking-kos/vendor/laravel/framework/src/Illuminate/Container/BoundMethod.php(96): Illuminate\\Container\\Util::unwrapIfClosure(Object(Closure))
#34 /Users/kayla/Desktop/2nd sem/sisdat prak/project mahaking kos/mahaking-kos/vendor/laravel/framework/src/Illuminate/Container/BoundMethod.php(35): Illuminate\\Container\\BoundMethod::callBoundMethod(Object(Illuminate\\Foundation\\Application), Array, Object(Closure))
#35 /Users/kayla/Desktop/2nd sem/sisdat prak/project mahaking kos/mahaking-kos/vendor/laravel/framework/src/Illuminate/Container/Container.php(799): Illuminate\\Container\\BoundMethod::call(Object(Illuminate\\Foundation\\Application), Array, Array, NULL)
#36 /Users/kayla/Desktop/2nd sem/sisdat prak/project mahaking kos/mahaking-kos/vendor/laravel/framework/src/Illuminate/Console/Command.php(280): Illuminate\\Container\\Container->call(Array)
#37 /Users/kayla/Desktop/2nd sem/sisdat prak/project mahaking kos/mahaking-kos/vendor/symfony/console/Command/Command.php(291): Illuminate\\Console\\Command->execute(Object(Symfony\\Component\\Console\\Input\\ArgvInput), Object(Illuminate\\Console\\OutputStyle))
#38 /Users/kayla/Desktop/2nd sem/sisdat prak/project mahaking kos/mahaking-kos/vendor/laravel/framework/src/Illuminate/Console/Command.php(249): Symfony\\Component\\Console\\Command\\Command->run(Object(Symfony\\Component\\Console\\Input\\ArgvInput), Object(Illuminate\\Console\\OutputStyle))
#39 /Users/kayla/Desktop/2nd sem/sisdat prak/project mahaking kos/mahaking-kos/vendor/symfony/console/Application.php(1107): Illuminate\\Console\\Command->run(Object(Symfony\\Component\\Console\\Input\\ArgvInput), Object(Symfony\\Component\\Console\\Output\\ConsoleOutput))
#40 /Users/kayla/Desktop/2nd sem/sisdat prak/project mahaking kos/mahaking-kos/vendor/symfony/console/Application.php(356): Symfony\\Component\\Console\\Application->doRunCommand(Object(Illuminate\\Database\\Console\\Migrations\\FreshCommand), Object(Symfony\\Component\\Console\\Input\\ArgvInput), Object(Symfony\\Component\\Console\\Output\\ConsoleOutput))
#41 /Users/kayla/Desktop/2nd sem/sisdat prak/project mahaking kos/mahaking-kos/vendor/symfony/console/Application.php(195): Symfony\\Component\\Console\\Application->doRun(Object(Symfony\\Component\\Console\\Input\\ArgvInput), Object(Symfony\\Component\\Console\\Output\\ConsoleOutput))
#42 /Users/kayla/Desktop/2nd sem/sisdat prak/project mahaking kos/mahaking-kos/vendor/laravel/framework/src/Illuminate/Foundation/Console/Kernel.php(198): Symfony\\Component\\Console\\Application->run(Object(Symfony\\Component\\Console\\Input\\ArgvInput), Object(Symfony\\Component\\Console\\Output\\ConsoleOutput))
#43 /Users/kayla/Desktop/2nd sem/sisdat prak/project mahaking kos/mahaking-kos/vendor/laravel/framework/src/Illuminate/Foundation/Application.php(1235): Illuminate\\Foundation\\Console\\Kernel->handle(Object(Symfony\\Component\\Console\\Input\\ArgvInput), Object(Symfony\\Component\\Console\\Output\\ConsoleOutput))
#44 /Users/kayla/Desktop/2nd sem/sisdat prak/project mahaking kos/mahaking-kos/artisan(16): Illuminate\\Foundation\\Application->handleCommand(Object(Symfony\\Component\\Console\\Input\\ArgvInput))
#45 {main}

[previous exception] [object] (PDOException(code: HY000): SQLSTATE[HY000]: General error: 1824 Failed to open the referenced table 'user' at /Users/kayla/Desktop/2nd sem/sisdat prak/project mahaking kos/mahaking-kos/vendor/laravel/framework/src/Illuminate/Database/Connection.php:587)
[stacktrace]
#0 /Users/kayla/Desktop/2nd sem/sisdat prak/project mahaking kos/mahaking-kos/vendor/laravel/framework/src/Illuminate/Database/Connection.php(587): PDOStatement->execute()
#1 /Users/kayla/Desktop/2nd sem/sisdat prak/project mahaking kos/mahaking-kos/vendor/laravel/framework/src/Illuminate/Database/Connection.php(830): Illuminate\\Database\\Connection->{closure:Illuminate\\Database\\Connection::statement():576}('alter table `pe...', Array)
#2 /Users/kayla/Desktop/2nd sem/sisdat prak/project mahaking kos/mahaking-kos/vendor/laravel/framework/src/Illuminate/Database/Connection.php(797): Illuminate\\Database\\Connection->runQueryCallback('alter table `pe...', Array, Object(Closure))
#3 /Users/kayla/Desktop/2nd sem/sisdat prak/project mahaking kos/mahaking-kos/vendor/laravel/framework/src/Illuminate/Database/Connection.php(576): Illuminate\\Database\\Connection->run('alter table `pe...', Array, Object(Closure))
#4 /Users/kayla/Desktop/2nd sem/sisdat prak/project mahaking kos/mahaking-kos/vendor/laravel/framework/src/Illuminate/Database/Schema/Blueprint.php(121): Illuminate\\Database\\Connection->statement('alter table `pe...')
#5 /Users/kayla/Desktop/2nd sem/sisdat prak/project mahaking kos/mahaking-kos/vendor/laravel/framework/src/Illuminate/Database/Schema/Builder.php(690): Illuminate\\Database\\Schema\\Blueprint->build()
#6 /Users/kayla/Desktop/2nd sem/sisdat prak/project mahaking kos/mahaking-kos/vendor/laravel/framework/src/Illuminate/Database/Schema/Builder.php(508): Illuminate\\Database\\Schema\\Builder->build(Object(Illuminate\\Database\\Schema\\Blueprint))
#7 /Users/kayla/Desktop/2nd sem/sisdat prak/project mahaking kos/mahaking-kos/vendor/laravel/framework/src/Illuminate/Support/Facades/Facade.php(363): Illuminate\\Database\\Schema\\Builder->create('pemilik_kos', Object(Closure))
#8 /Users/kayla/Desktop/2nd sem/sisdat prak/project mahaking kos/mahaking-kos/database/migrations/2026_05_19_182217_create_pemilik_kos_table.php(14): Illuminate\\Support\\Facades\\Facade::__callStatic('create', Array)
#9 /Users/kayla/Desktop/2nd sem/sisdat prak/project mahaking kos/mahaking-kos/vendor/laravel/framework/src/Illuminate/Database/Migrations/Migrator.php(517): Illuminate\\Database\\Migrations\\Migration@anonymous->up()
#10 /Users/kayla/Desktop/2nd sem/sisdat prak/project mahaking kos/mahaking-kos/vendor/laravel/framework/src/Illuminate/Database/Migrations/Migrator.php(442): Illuminate\\Database\\Migrations\\Migrator->runMethod(Object(Illuminate\\Database\\MySqlConnection), Object(Illuminate\\Database\\Migrations\\Migration@anonymous), 'up')
#11 /Users/kayla/Desktop/2nd sem/sisdat prak/project mahaking kos/mahaking-kos/vendor/laravel/framework/src/Illuminate/Database/Migrations/Migrator.php(451): Illuminate\\Database\\Migrations\\Migrator->{closure:Illuminate\\Database\\Migrations\\Migrator::runMigration():438}()
#12 /Users/kayla/Desktop/2nd sem/sisdat prak/project mahaking kos/mahaking-kos/vendor/laravel/framework/src/Illuminate/Database/Migrations/Migrator.php(253): Illuminate\\Database\\Migrations\\Migrator->runMigration(Object(Illuminate\\Database\\Migrations\\Migration@anonymous), 'up', '2026_05_19_1822...')
#13 /Users/kayla/Desktop/2nd sem/sisdat prak/project mahaking kos/mahaking-kos/vendor/laravel/framework/src/Illuminate/Console/View/Components/Task.php(43): Illuminate\\Database\\Migrations\\Migrator->{closure:Illuminate\\Database\\Migrations\\Migrator::runUp():253}()
#14 /Users/kayla/Desktop/2nd sem/sisdat prak/project mahaking kos/mahaking-kos/vendor/laravel/framework/src/Illuminate/Database/Migrations/Migrator.php(814): Illuminate\\Console\\View\\Components\\Task->render('2026_05_19_1822...', Object(Closure))
#15 /Users/kayla/Desktop/2nd sem/sisdat prak/project mahaking kos/mahaking-kos/vendor/laravel/framework/src/Illuminate/Database/Migrations/Migrator.php(253): Illuminate\\Database\\Migrations\\Migrator->write('Illuminate\\\\Cons...', '2026_05_19_1822...', Object(Closure))
#16 /Users/kayla/Desktop/2nd sem/sisdat prak/project mahaking kos/mahaking-kos/vendor/laravel/framework/src/Illuminate/Database/Migrations/Migrator.php(211): Illuminate\\Database\\Migrations\\Migrator->runUp('/Users/kayla/De...', 1, false)
#17 /Users/kayla/Desktop/2nd sem/sisdat prak/project mahaking kos/mahaking-kos/vendor/laravel/framework/src/Illuminate/Database/Migrations/Migrator.php(138): Illuminate\\Database\\Migrations\\Migrator->runPending(Array, Array)
#18 /Users/kayla/Desktop/2nd sem/sisdat prak/project mahaking kos/mahaking-kos/vendor/laravel/framework/src/Illuminate/Database/Console/Migrations/MigrateCommand.php(118): Illuminate\\Database\\Migrations\\Migrator->run(Array, Array)
#19 /Users/kayla/Desktop/2nd sem/sisdat prak/project mahaking kos/mahaking-kos/vendor/laravel/framework/src/Illuminate/Database/Migrations/Migrator.php(671): Illuminate\\Database\\Console\\Migrations\\MigrateCommand->{closure:Illuminate\\Database\\Console\\Migrations\\MigrateCommand::runMigrations():111}()
#20 /Users/kayla/Desktop/2nd sem/sisdat prak/project mahaking kos/mahaking-kos/vendor/laravel/framework/src/Illuminate/Database/Console/Migrations/MigrateCommand.php(111): Illuminate\\Database\\Migrations\\Migrator->usingConnection(NULL, Object(Closure))
#21 /Users/kayla/Desktop/2nd sem/sisdat prak/project mahaking kos/mahaking-kos/vendor/laravel/framework/src/Illuminate/Database/Console/Migrations/MigrateCommand.php(90): Illuminate\\Database\\Console\\Migrations\\MigrateCommand->runMigrations()
#22 /Users/kayla/Desktop/2nd sem/sisdat prak/project mahaking kos/mahaking-kos/vendor/laravel/framework/src/Illuminate/Container/BoundMethod.php(36): Illuminate\\Database\\Console\\Migrations\\MigrateCommand->handle()
#23 /Users/kayla/Desktop/2nd sem/sisdat prak/project mahaking kos/mahaking-kos/vendor/laravel/framework/src/Illuminate/Container/Util.php(43): Illuminate\\Container\\BoundMethod::{closure:Illuminate\\Container\\BoundMethod::call():35}()
#24 /Users/kayla/Desktop/2nd sem/sisdat prak/project mahaking kos/mahaking-kos/vendor/laravel/framework/src/Illuminate/Container/BoundMethod.php(96): Illuminate\\Container\\Util::unwrapIfClosure(Object(Closure))
#25 /Users/kayla/Desktop/2nd sem/sisdat prak/project mahaking kos/mahaking-kos/vendor/laravel/framework/src/Illuminate/Container/BoundMethod.php(35): Illuminate\\Container\\BoundMethod::callBoundMethod(Object(Illuminate\\Foundation\\Application), Array, Object(Closure))
#26 /Users/kayla/Desktop/2nd sem/sisdat prak/project mahaking kos/mahaking-kos/vendor/laravel/framework/src/Illuminate/Container/Container.php(799): Illuminate\\Container\\BoundMethod::call(Object(Illuminate\\Foundation\\Application), Array, Array, NULL)
#27 /Users/kayla/Desktop/2nd sem/sisdat prak/project mahaking kos/mahaking-kos/vendor/laravel/framework/src/Illuminate/Console/Command.php(280): Illuminate\\Container\\Container->call(Array)
#28 /Users/kayla/Desktop/2nd sem/sisdat prak/project mahaking kos/mahaking-kos/vendor/symfony/console/Command/Command.php(291): Illuminate\\Console\\Command->execute(Object(Symfony\\Component\\Console\\Input\\ArrayInput), Object(Illuminate\\Console\\OutputStyle))
#29 /Users/kayla/Desktop/2nd sem/sisdat prak/project mahaking kos/mahaking-kos/vendor/laravel/framework/src/Illuminate/Console/Command.php(249): Symfony\\Component\\Console\\Command\\Command->run(Object(Symfony\\Component\\Console\\Input\\ArrayInput), Object(Illuminate\\Console\\OutputStyle))
#30 /Users/kayla/Desktop/2nd sem/sisdat prak/project mahaking kos/mahaking-kos/vendor/laravel/framework/src/Illuminate/Console/Concerns/CallsCommands.php(68): Illuminate\\Console\\Command->run(Object(Symfony\\Component\\Console\\Input\\ArrayInput), Object(Illuminate\\Console\\OutputStyle))
#31 /Users/kayla/Desktop/2nd sem/sisdat prak/project mahaking kos/mahaking-kos/vendor/laravel/framework/src/Illuminate/Console/Concerns/CallsCommands.php(29): Illuminate\\Console\\Command->runCommand('migrate', Array, Object(Illuminate\\Console\\OutputStyle))
#32 /Users/kayla/Desktop/2nd sem/sisdat prak/project mahaking kos/mahaking-kos/vendor/laravel/framework/src/Illuminate/Database/Console/Migrations/FreshCommand.php(88): Illuminate\\Console\\Command->call('migrate', Array)
#33 /Users/kayla/Desktop/2nd sem/sisdat prak/project mahaking kos/mahaking-kos/vendor/laravel/framework/src/Illuminate/Container/BoundMethod.php(36): Illuminate\\Database\\Console\\Migrations\\FreshCommand->handle()
#34 /Users/kayla/Desktop/2nd sem/sisdat prak/project mahaking kos/mahaking-kos/vendor/laravel/framework/src/Illuminate/Container/Util.php(43): Illuminate\\Container\\BoundMethod::{closure:Illuminate\\Container\\BoundMethod::call():35}()
#35 /Users/kayla/Desktop/2nd sem/sisdat prak/project mahaking kos/mahaking-kos/vendor/laravel/framework/src/Illuminate/Container/BoundMethod.php(96): Illuminate\\Container\\Util::unwrapIfClosure(Object(Closure))
#36 /Users/kayla/Desktop/2nd sem/sisdat prak/project mahaking kos/mahaking-kos/vendor/laravel/framework/src/Illuminate/Container/BoundMethod.php(35): Illuminate\\Container\\BoundMethod::callBoundMethod(Object(Illuminate\\Foundation\\Application), Array, Object(Closure))
#37 /Users/kayla/Desktop/2nd sem/sisdat prak/project mahaking kos/mahaking-kos/vendor/laravel/framework/src/Illuminate/Container/Container.php(799): Illuminate\\Container\\BoundMethod::call(Object(Illuminate\\Foundation\\Application), Array, Array, NULL)
#38 /Users/kayla/Desktop/2nd sem/sisdat prak/project mahaking kos/mahaking-kos/vendor/laravel/framework/src/Illuminate/Console/Command.php(280): Illuminate\\Container\\Container->call(Array)
#39 /Users/kayla/Desktop/2nd sem/sisdat prak/project mahaking kos/mahaking-kos/vendor/symfony/console/Command/Command.php(291): Illuminate\\Console\\Command->execute(Object(Symfony\\Component\\Console\\Input\\ArgvInput), Object(Illuminate\\Console\\OutputStyle))
#40 /Users/kayla/Desktop/2nd sem/sisdat prak/project mahaking kos/mahaking-kos/vendor/laravel/framework/src/Illuminate/Console/Command.php(249): Symfony\\Component\\Console\\Command\\Command->run(Object(Symfony\\Component\\Console\\Input\\ArgvInput), Object(Illuminate\\Console\\OutputStyle))
#41 /Users/kayla/Desktop/2nd sem/sisdat prak/project mahaking kos/mahaking-kos/vendor/symfony/console/Application.php(1107): Illuminate\\Console\\Command->run(Object(Symfony\\Component\\Console\\Input\\ArgvInput), Object(Symfony\\Component\\Console\\Output\\ConsoleOutput))
#42 /Users/kayla/Desktop/2nd sem/sisdat prak/project mahaking kos/mahaking-kos/vendor/symfony/console/Application.php(356): Symfony\\Component\\Console\\Application->doRunCommand(Object(Illuminate\\Database\\Console\\Migrations\\FreshCommand), Object(Symfony\\Component\\Console\\Input\\ArgvInput), Object(Symfony\\Component\\Console\\Output\\ConsoleOutput))
#43 /Users/kayla/Desktop/2nd sem/sisdat prak/project mahaking kos/mahaking-kos/vendor/symfony/console/Application.php(195): Symfony\\Component\\Console\\Application->doRun(Object(Symfony\\Component\\Console\\Input\\ArgvInput), Object(Symfony\\Component\\Console\\Output\\ConsoleOutput))
#44 /Users/kayla/Desktop/2nd sem/sisdat prak/project mahaking kos/mahaking-kos/vendor/laravel/framework/src/Illuminate/Foundation/Console/Kernel.php(198): Symfony\\Component\\Console\\Application->run(Object(Symfony\\Component\\Console\\Input\\ArgvInput), Object(Symfony\\Component\\Console\\Output\\ConsoleOutput))
#45 /Users/kayla/Desktop/2nd sem/sisdat prak/project mahaking kos/mahaking-kos/vendor/laravel/framework/src/Illuminate/Foundation/Application.php(1235): Illuminate\\Foundation\\Console\\Kernel->handle(Object(Symfony\\Component\\Console\\Input\\ArgvInput), Object(Symfony\\Component\\Console\\Output\\ConsoleOutput))
#46 /Users/kayla/Desktop/2nd sem/sisdat prak/project mahaking kos/mahaking-kos/artisan(16): Illuminate\\Foundation\\Application->handleCommand(Object(Symfony\\Component\\Console\\Input\\ArgvInput))
#47 {main}
"} 
[2026-05-25 04:57:42] local.ERROR: SQLSTATE[HY000]: General error: 1824 Failed to open the referenced table 'user' (Connection: mysql, Host: 127.0.0.1, Port: 8889, Database: mahaking_kos, SQL: alter table `pemilik_kos` add constraint `pemilik_kos_id_user_foreign` foreign key (`id_user`) references `user` (`id_user`)) {"exception":"[object] (Illuminate\\Database\\QueryException(code: HY000): SQLSTATE[HY000]: General error: 1824 Failed to open the referenced table 'user' (Connection: mysql, Host: 127.0.0.1, Port: 8889, Database: mahaking_kos, SQL: alter table `pemilik_kos` add constraint `pemilik_kos_id_user_foreign` foreign key (`id_user`) references `user` (`id_user`)) at /Users/kayla/Desktop/2nd sem/sisdat prak/project mahaking kos/mahaking-kos/vendor/laravel/framework/src/Illuminate/Database/Connection.php:841)
[stacktrace]
#0 /Users/kayla/Desktop/2nd sem/sisdat prak/project mahaking kos/mahaking-kos/vendor/laravel/framework/src/Illuminate/Database/Connection.php(797): Illuminate\\Database\\Connection->runQueryCallback('alter table `pe...', Array, Object(Closure))
#1 /Users/kayla/Desktop/2nd sem/sisdat prak/project mahaking kos/mahaking-kos/vendor/laravel/framework/src/Illuminate/Database/Connection.php(576): Illuminate\\Database\\Connection->run('alter table `pe...', Array, Object(Closure))
#2 /Users/kayla/Desktop/2nd sem/sisdat prak/project mahaking kos/mahaking-kos/vendor/laravel/framework/src/Illuminate/Database/Schema/Blueprint.php(121): Illuminate\\Database\\Connection->statement('alter table `pe...')
#3 /Users/kayla/Desktop/2nd sem/sisdat prak/project mahaking kos/mahaking-kos/vendor/laravel/framework/src/Illuminate/Database/Schema/Builder.php(690): Illuminate\\Database\\Schema\\Blueprint->build()
#4 /Users/kayla/Desktop/2nd sem/sisdat prak/project mahaking kos/mahaking-kos/vendor/laravel/framework/src/Illuminate/Database/Schema/Builder.php(508): Illuminate\\Database\\Schema\\Builder->build(Object(Illuminate\\Database\\Schema\\Blueprint))
#5 /Users/kayla/Desktop/2nd sem/sisdat prak/project mahaking kos/mahaking-kos/vendor/laravel/framework/src/Illuminate/Support/Facades/Facade.php(363): Illuminate\\Database\\Schema\\Builder->create('pemilik_kos', Object(Closure))
#6 /Users/kayla/Desktop/2nd sem/sisdat prak/project mahaking kos/mahaking-kos/database/migrations/2026_05_19_182217_create_pemilik_kos_table.php(14): Illuminate\\Support\\Facades\\Facade::__callStatic('create', Array)
#7 /Users/kayla/Desktop/2nd sem/sisdat prak/project mahaking kos/mahaking-kos/vendor/laravel/framework/src/Illuminate/Database/Migrations/Migrator.php(517): Illuminate\\Database\\Migrations\\Migration@anonymous->up()
#8 /Users/kayla/Desktop/2nd sem/sisdat prak/project mahaking kos/mahaking-kos/vendor/laravel/framework/src/Illuminate/Database/Migrations/Migrator.php(442): Illuminate\\Database\\Migrations\\Migrator->runMethod(Object(Illuminate\\Database\\MySqlConnection), Object(Illuminate\\Database\\Migrations\\Migration@anonymous), 'up')
#9 /Users/kayla/Desktop/2nd sem/sisdat prak/project mahaking kos/mahaking-kos/vendor/laravel/framework/src/Illuminate/Database/Migrations/Migrator.php(451): Illuminate\\Database\\Migrations\\Migrator->{closure:Illuminate\\Database\\Migrations\\Migrator::runMigration():438}()
#10 /Users/kayla/Desktop/2nd sem/sisdat prak/project mahaking kos/mahaking-kos/vendor/laravel/framework/src/Illuminate/Database/Migrations/Migrator.php(253): Illuminate\\Database\\Migrations\\Migrator->runMigration(Object(Illuminate\\Database\\Migrations\\Migration@anonymous), 'up', '2026_05_19_1822...')
#11 /Users/kayla/Desktop/2nd sem/sisdat prak/project mahaking kos/mahaking-kos/vendor/laravel/framework/src/Illuminate/Console/View/Components/Task.php(43): Illuminate\\Database\\Migrations\\Migrator->{closure:Illuminate\\Database\\Migrations\\Migrator::runUp():253}()
#12 /Users/kayla/Desktop/2nd sem/sisdat prak/project mahaking kos/mahaking-kos/vendor/laravel/framework/src/Illuminate/Database/Migrations/Migrator.php(814): Illuminate\\Console\\View\\Components\\Task->render('2026_05_19_1822...', Object(Closure))
#13 /Users/kayla/Desktop/2nd sem/sisdat prak/project mahaking kos/mahaking-kos/vendor/laravel/framework/src/Illuminate/Database/Migrations/Migrator.php(253): Illuminate\\Database\\Migrations\\Migrator->write('Illuminate\\\\Cons...', '2026_05_19_1822...', Object(Closure))
#14 /Users/kayla/Desktop/2nd sem/sisdat prak/project mahaking kos/mahaking-kos/vendor/laravel/framework/src/Illuminate/Database/Migrations/Migrator.php(211): Illuminate\\Database\\Migrations\\Migrator->runUp('/Users/kayla/De...', 1, false)
#15 /Users/kayla/Desktop/2nd sem/sisdat prak/project mahaking kos/mahaking-kos/vendor/laravel/framework/src/Illuminate/Database/Migrations/Migrator.php(138): Illuminate\\Database\\Migrations\\Migrator->runPending(Array, Array)
#16 /Users/kayla/Desktop/2nd sem/sisdat prak/project mahaking kos/mahaking-kos/vendor/laravel/framework/src/Illuminate/Database/Console/Migrations/MigrateCommand.php(118): Illuminate\\Database\\Migrations\\Migrator->run(Array, Array)
#17 /Users/kayla/Desktop/2nd sem/sisdat prak/project mahaking kos/mahaking-kos/vendor/laravel/framework/src/Illuminate/Database/Migrations/Migrator.php(671): Illuminate\\Database\\Console\\Migrations\\MigrateCommand->{closure:Illuminate\\Database\\Console\\Migrations\\MigrateCommand::runMigrations():111}()
#18 /Users/kayla/Desktop/2nd sem/sisdat prak/project mahaking kos/mahaking-kos/vendor/laravel/framework/src/Illuminate/Database/Console/Migrations/MigrateCommand.php(111): Illuminate\\Database\\Migrations\\Migrator->usingConnection(NULL, Object(Closure))
#19 /Users/kayla/Desktop/2nd sem/sisdat prak/project mahaking kos/mahaking-kos/vendor/laravel/framework/src/Illuminate/Database/Console/Migrations/MigrateCommand.php(90): Illuminate\\Database\\Console\\Migrations\\MigrateCommand->runMigrations()
#20 /Users/kayla/Desktop/2nd sem/sisdat prak/project mahaking kos/mahaking-kos/vendor/laravel/framework/src/Illuminate/Container/BoundMethod.php(36): Illuminate\\Database\\Console\\Migrations\\MigrateCommand->handle()
#21 /Users/kayla/Desktop/2nd sem/sisdat prak/project mahaking kos/mahaking-kos/vendor/laravel/framework/src/Illuminate/Container/Util.php(43): Illuminate\\Container\\BoundMethod::{closure:Illuminate\\Container\\BoundMethod::call():35}()
#22 /Users/kayla/Desktop/2nd sem/sisdat prak/project mahaking kos/mahaking-kos/vendor/laravel/framework/src/Illuminate/Container/BoundMethod.php(96): Illuminate\\Container\\Util::unwrapIfClosure(Object(Closure))
#23 /Users/kayla/Desktop/2nd sem/sisdat prak/project mahaking kos/mahaking-kos/vendor/laravel/framework/src/Illuminate/Container/BoundMethod.php(35): Illuminate\\Container\\BoundMethod::callBoundMethod(Object(Illuminate\\Foundation\\Application), Array, Object(Closure))
#24 /Users/kayla/Desktop/2nd sem/sisdat prak/project mahaking kos/mahaking-kos/vendor/laravel/framework/src/Illuminate/Container/Container.php(799): Illuminate\\Container\\BoundMethod::call(Object(Illuminate\\Foundation\\Application), Array, Array, NULL)
#25 /Users/kayla/Desktop/2nd sem/sisdat prak/project mahaking kos/mahaking-kos/vendor/laravel/framework/src/Illuminate/Console/Command.php(280): Illuminate\\Container\\Container->call(Array)
#26 /Users/kayla/Desktop/2nd sem/sisdat prak/project mahaking kos/mahaking-kos/vendor/symfony/console/Command/Command.php(291): Illuminate\\Console\\Command->execute(Object(Symfony\\Component\\Console\\Input\\ArrayInput), Object(Illuminate\\Console\\OutputStyle))
#27 /Users/kayla/Desktop/2nd sem/sisdat prak/project mahaking kos/mahaking-kos/vendor/laravel/framework/src/Illuminate/Console/Command.php(249): Symfony\\Component\\Console\\Command\\Command->run(Object(Symfony\\Component\\Console\\Input\\ArrayInput), Object(Illuminate\\Console\\OutputStyle))
#28 /Users/kayla/Desktop/2nd sem/sisdat prak/project mahaking kos/mahaking-kos/vendor/laravel/framework/src/Illuminate/Console/Concerns/CallsCommands.php(68): Illuminate\\Console\\Command->run(Object(Symfony\\Component\\Console\\Input\\ArrayInput), Object(Illuminate\\Console\\OutputStyle))
#29 /Users/kayla/Desktop/2nd sem/sisdat prak/project mahaking kos/mahaking-kos/vendor/laravel/framework/src/Illuminate/Console/Concerns/CallsCommands.php(29): Illuminate\\Console\\Command->runCommand('migrate', Array, Object(Illuminate\\Console\\OutputStyle))
#30 /Users/kayla/Desktop/2nd sem/sisdat prak/project mahaking kos/mahaking-kos/vendor/laravel/framework/src/Illuminate/Database/Console/Migrations/FreshCommand.php(88): Illuminate\\Console\\Command->call('migrate', Array)
#31 /Users/kayla/Desktop/2nd sem/sisdat prak/project mahaking kos/mahaking-kos/vendor/laravel/framework/src/Illuminate/Container/BoundMethod.php(36): Illuminate\\Database\\Console\\Migrations\\FreshCommand->handle()
#32 /Users/kayla/Desktop/2nd sem/sisdat prak/project mahaking kos/mahaking-kos/vendor/laravel/framework/src/Illuminate/Container/Util.php(43): Illuminate\\Container\\BoundMethod::{closure:Illuminate\\Container\\BoundMethod::call():35}()
#33 /Users/kayla/Desktop/2nd sem/sisdat prak/project mahaking kos/mahaking-kos/vendor/laravel/framework/src/Illuminate/Container/BoundMethod.php(96): Illuminate\\Container\\Util::unwrapIfClosure(Object(Closure))
#34 /Users/kayla/Desktop/2nd sem/sisdat prak/project mahaking kos/mahaking-kos/vendor/laravel/framework/src/Illuminate/Container/BoundMethod.php(35): Illuminate\\Container\\BoundMethod::callBoundMethod(Object(Illuminate\\Foundation\\Application), Array, Object(Closure))
#35 /Users/kayla/Desktop/2nd sem/sisdat prak/project mahaking kos/mahaking-kos/vendor/laravel/framework/src/Illuminate/Container/Container.php(799): Illuminate\\Container\\BoundMethod::call(Object(Illuminate\\Foundation\\Application), Array, Array, NULL)
#36 /Users/kayla/Desktop/2nd sem/sisdat prak/project mahaking kos/mahaking-kos/vendor/laravel/framework/src/Illuminate/Console/Command.php(280): Illuminate\\Container\\Container->call(Array)
#37 /Users/kayla/Desktop/2nd sem/sisdat prak/project mahaking kos/mahaking-kos/vendor/symfony/console/Command/Command.php(291): Illuminate\\Console\\Command->execute(Object(Symfony\\Component\\Console\\Input\\ArgvInput), Object(Illuminate\\Console\\OutputStyle))
#38 /Users/kayla/Desktop/2nd sem/sisdat prak/project mahaking kos/mahaking-kos/vendor/laravel/framework/src/Illuminate/Console/Command.php(249): Symfony\\Component\\Console\\Command\\Command->run(Object(Symfony\\Component\\Console\\Input\\ArgvInput), Object(Illuminate\\Console\\OutputStyle))
#39 /Users/kayla/Desktop/2nd sem/sisdat prak/project mahaking kos/mahaking-kos/vendor/symfony/console/Application.php(1107): Illuminate\\Console\\Command->run(Object(Symfony\\Component\\Console\\Input\\ArgvInput), Object(Symfony\\Component\\Console\\Output\\ConsoleOutput))
#40 /Users/kayla/Desktop/2nd sem/sisdat prak/project mahaking kos/mahaking-kos/vendor/symfony/console/Application.php(356): Symfony\\Component\\Console\\Application->doRunCommand(Object(Illuminate\\Database\\Console\\Migrations\\FreshCommand), Object(Symfony\\Component\\Console\\Input\\ArgvInput), Object(Symfony\\Component\\Console\\Output\\ConsoleOutput))
#41 /Users/kayla/Desktop/2nd sem/sisdat prak/project mahaking kos/mahaking-kos/vendor/symfony/console/Application.php(195): Symfony\\Component\\Console\\Application->doRun(Object(Symfony\\Component\\Console\\Input\\ArgvInput), Object(Symfony\\Component\\Console\\Output\\ConsoleOutput))
#42 /Users/kayla/Desktop/2nd sem/sisdat prak/project mahaking kos/mahaking-kos/vendor/laravel/framework/src/Illuminate/Foundation/Console/Kernel.php(198): Symfony\\Component\\Console\\Application->run(Object(Symfony\\Component\\Console\\Input\\ArgvInput), Object(Symfony\\Component\\Console\\Output\\ConsoleOutput))
#43 /Users/kayla/Desktop/2nd sem/sisdat prak/project mahaking kos/mahaking-kos/vendor/laravel/framework/src/Illuminate/Foundation/Application.php(1235): Illuminate\\Foundation\\Console\\Kernel->handle(Object(Symfony\\Component\\Console\\Input\\ArgvInput), Object(Symfony\\Component\\Console\\Output\\ConsoleOutput))
#44 /Users/kayla/Desktop/2nd sem/sisdat prak/project mahaking kos/mahaking-kos/artisan(16): Illuminate\\Foundation\\Application->handleCommand(Object(Symfony\\Component\\Console\\Input\\ArgvInput))
#45 {main}

[previous exception] [object] (PDOException(code: HY000): SQLSTATE[HY000]: General error: 1824 Failed to open the referenced table 'user' at /Users/kayla/Desktop/2nd sem/sisdat prak/project mahaking kos/mahaking-kos/vendor/laravel/framework/src/Illuminate/Database/Connection.php:587)
[stacktrace]
#0 /Users/kayla/Desktop/2nd sem/sisdat prak/project mahaking kos/mahaking-kos/vendor/laravel/framework/src/Illuminate/Database/Connection.php(587): PDOStatement->execute()
#1 /Users/kayla/Desktop/2nd sem/sisdat prak/project mahaking kos/mahaking-kos/vendor/laravel/framework/src/Illuminate/Database/Connection.php(830): Illuminate\\Database\\Connection->{closure:Illuminate\\Database\\Connection::statement():576}('alter table `pe...', Array)
#2 /Users/kayla/Desktop/2nd sem/sisdat prak/project mahaking kos/mahaking-kos/vendor/laravel/framework/src/Illuminate/Database/Connection.php(797): Illuminate\\Database\\Connection->runQueryCallback('alter table `pe...', Array, Object(Closure))
#3 /Users/kayla/Desktop/2nd sem/sisdat prak/project mahaking kos/mahaking-kos/vendor/laravel/framework/src/Illuminate/Database/Connection.php(576): Illuminate\\Database\\Connection->run('alter table `pe...', Array, Object(Closure))
#4 /Users/kayla/Desktop/2nd sem/sisdat prak/project mahaking kos/mahaking-kos/vendor/laravel/framework/src/Illuminate/Database/Schema/Blueprint.php(121): Illuminate\\Database\\Connection->statement('alter table `pe...')
#5 /Users/kayla/Desktop/2nd sem/sisdat prak/project mahaking kos/mahaking-kos/vendor/laravel/framework/src/Illuminate/Database/Schema/Builder.php(690): Illuminate\\Database\\Schema\\Blueprint->build()
#6 /Users/kayla/Desktop/2nd sem/sisdat prak/project mahaking kos/mahaking-kos/vendor/laravel/framework/src/Illuminate/Database/Schema/Builder.php(508): Illuminate\\Database\\Schema\\Builder->build(Object(Illuminate\\Database\\Schema\\Blueprint))
#7 /Users/kayla/Desktop/2nd sem/sisdat prak/project mahaking kos/mahaking-kos/vendor/laravel/framework/src/Illuminate/Support/Facades/Facade.php(363): Illuminate\\Database\\Schema\\Builder->create('pemilik_kos', Object(Closure))
#8 /Users/kayla/Desktop/2nd sem/sisdat prak/project mahaking kos/mahaking-kos/database/migrations/2026_05_19_182217_create_pemilik_kos_table.php(14): Illuminate\\Support\\Facades\\Facade::__callStatic('create', Array)
#9 /Users/kayla/Desktop/2nd sem/sisdat prak/project mahaking kos/mahaking-kos/vendor/laravel/framework/src/Illuminate/Database/Migrations/Migrator.php(517): Illuminate\\Database\\Migrations\\Migration@anonymous->up()
#10 /Users/kayla/Desktop/2nd sem/sisdat prak/project mahaking kos/mahaking-kos/vendor/laravel/framework/src/Illuminate/Database/Migrations/Migrator.php(442): Illuminate\\Database\\Migrations\\Migrator->runMethod(Object(Illuminate\\Database\\MySqlConnection), Object(Illuminate\\Database\\Migrations\\Migration@anonymous), 'up')
#11 /Users/kayla/Desktop/2nd sem/sisdat prak/project mahaking kos/mahaking-kos/vendor/laravel/framework/src/Illuminate/Database/Migrations/Migrator.php(451): Illuminate\\Database\\Migrations\\Migrator->{closure:Illuminate\\Database\\Migrations\\Migrator::runMigration():438}()
#12 /Users/kayla/Desktop/2nd sem/sisdat prak/project mahaking kos/mahaking-kos/vendor/laravel/framework/src/Illuminate/Database/Migrations/Migrator.php(253): Illuminate\\Database\\Migrations\\Migrator->runMigration(Object(Illuminate\\Database\\Migrations\\Migration@anonymous), 'up', '2026_05_19_1822...')
#13 /Users/kayla/Desktop/2nd sem/sisdat prak/project mahaking kos/mahaking-kos/vendor/laravel/framework/src/Illuminate/Console/View/Components/Task.php(43): Illuminate\\Database\\Migrations\\Migrator->{closure:Illuminate\\Database\\Migrations\\Migrator::runUp():253}()
#14 /Users/kayla/Desktop/2nd sem/sisdat prak/project mahaking kos/mahaking-kos/vendor/laravel/framework/src/Illuminate/Database/Migrations/Migrator.php(814): Illuminate\\Console\\View\\Components\\Task->render('2026_05_19_1822...', Object(Closure))
#15 /Users/kayla/Desktop/2nd sem/sisdat prak/project mahaking kos/mahaking-kos/vendor/laravel/framework/src/Illuminate/Database/Migrations/Migrator.php(253): Illuminate\\Database\\Migrations\\Migrator->write('Illuminate\\\\Cons...', '2026_05_19_1822...', Object(Closure))
#16 /Users/kayla/Desktop/2nd sem/sisdat prak/project mahaking kos/mahaking-kos/vendor/laravel/framework/src/Illuminate/Database/Migrations/Migrator.php(211): Illuminate\\Database\\Migrations\\Migrator->runUp('/Users/kayla/De...', 1, false)
#17 /Users/kayla/Desktop/2nd sem/sisdat prak/project mahaking kos/mahaking-kos/vendor/laravel/framework/src/Illuminate/Database/Migrations/Migrator.php(138): Illuminate\\Database\\Migrations\\Migrator->runPending(Array, Array)
#18 /Users/kayla/Desktop/2nd sem/sisdat prak/project mahaking kos/mahaking-kos/vendor/laravel/framework/src/Illuminate/Database/Console/Migrations/MigrateCommand.php(118): Illuminate\\Database\\Migrations\\Migrator->run(Array, Array)
#19 /Users/kayla/Desktop/2nd sem/sisdat prak/project mahaking kos/mahaking-kos/vendor/laravel/framework/src/Illuminate/Database/Migrations/Migrator.php(671): Illuminate\\Database\\Console\\Migrations\\MigrateCommand->{closure:Illuminate\\Database\\Console\\Migrations\\MigrateCommand::runMigrations():111}()
#20 /Users/kayla/Desktop/2nd sem/sisdat prak/project mahaking kos/mahaking-kos/vendor/laravel/framework/src/Illuminate/Database/Console/Migrations/MigrateCommand.php(111): Illuminate\\Database\\Migrations\\Migrator->usingConnection(NULL, Object(Closure))
#21 /Users/kayla/Desktop/2nd sem/sisdat prak/project mahaking kos/mahaking-kos/vendor/laravel/framework/src/Illuminate/Database/Console/Migrations/MigrateCommand.php(90): Illuminate\\Database\\Console\\Migrations\\MigrateCommand->runMigrations()
#22 /Users/kayla/Desktop/2nd sem/sisdat prak/project mahaking kos/mahaking-kos/vendor/laravel/framework/src/Illuminate/Container/BoundMethod.php(36): Illuminate\\Database\\Console\\Migrations\\MigrateCommand->handle()
#23 /Users/kayla/Desktop/2nd sem/sisdat prak/project mahaking kos/mahaking-kos/vendor/laravel/framework/src/Illuminate/Container/Util.php(43): Illuminate\\Container\\BoundMethod::{closure:Illuminate\\Container\\BoundMethod::call():35}()
#24 /Users/kayla/Desktop/2nd sem/sisdat prak/project mahaking kos/mahaking-kos/vendor/laravel/framework/src/Illuminate/Container/BoundMethod.php(96): Illuminate\\Container\\Util::unwrapIfClosure(Object(Closure))
#25 /Users/kayla/Desktop/2nd sem/sisdat prak/project mahaking kos/mahaking-kos/vendor/laravel/framework/src/Illuminate/Container/BoundMethod.php(35): Illuminate\\Container\\BoundMethod::callBoundMethod(Object(Illuminate\\Foundation\\Application), Array, Object(Closure))
#26 /Users/kayla/Desktop/2nd sem/sisdat prak/project mahaking kos/mahaking-kos/vendor/laravel/framework/src/Illuminate/Container/Container.php(799): Illuminate\\Container\\BoundMethod::call(Object(Illuminate\\Foundation\\Application), Array, Array, NULL)
#27 /Users/kayla/Desktop/2nd sem/sisdat prak/project mahaking kos/mahaking-kos/vendor/laravel/framework/src/Illuminate/Console/Command.php(280): Illuminate\\Container\\Container->call(Array)
#28 /Users/kayla/Desktop/2nd sem/sisdat prak/project mahaking kos/mahaking-kos/vendor/symfony/console/Command/Command.php(291): Illuminate\\Console\\Command->execute(Object(Symfony\\Component\\Console\\Input\\ArrayInput), Object(Illuminate\\Console\\OutputStyle))
#29 /Users/kayla/Desktop/2nd sem/sisdat prak/project mahaking kos/mahaking-kos/vendor/laravel/framework/src/Illuminate/Console/Command.php(249): Symfony\\Component\\Console\\Command\\Command->run(Object(Symfony\\Component\\Console\\Input\\ArrayInput), Object(Illuminate\\Console\\OutputStyle))
#30 /Users/kayla/Desktop/2nd sem/sisdat prak/project mahaking kos/mahaking-kos/vendor/laravel/framework/src/Illuminate/Console/Concerns/CallsCommands.php(68): Illuminate\\Console\\Command->run(Object(Symfony\\Component\\Console\\Input\\ArrayInput), Object(Illuminate\\Console\\OutputStyle))
#31 /Users/kayla/Desktop/2nd sem/sisdat prak/project mahaking kos/mahaking-kos/vendor/laravel/framework/src/Illuminate/Console/Concerns/CallsCommands.php(29): Illuminate\\Console\\Command->runCommand('migrate', Array, Object(Illuminate\\Console\\OutputStyle))
#32 /Users/kayla/Desktop/2nd sem/sisdat prak/project mahaking kos/mahaking-kos/vendor/laravel/framework/src/Illuminate/Database/Console/Migrations/FreshCommand.php(88): Illuminate\\Console\\Command->call('migrate', Array)
#33 /Users/kayla/Desktop/2nd sem/sisdat prak/project mahaking kos/mahaking-kos/vendor/laravel/framework/src/Illuminate/Container/BoundMethod.php(36): Illuminate\\Database\\Console\\Migrations\\FreshCommand->handle()
#34 /Users/kayla/Desktop/2nd sem/sisdat prak/project mahaking kos/mahaking-kos/vendor/laravel/framework/src/Illuminate/Container/Util.php(43): Illuminate\\Container\\BoundMethod::{closure:Illuminate\\Container\\BoundMethod::call():35}()
#35 /Users/kayla/Desktop/2nd sem/sisdat prak/project mahaking kos/mahaking-kos/vendor/laravel/framework/src/Illuminate/Container/BoundMethod.php(96): Illuminate\\Container\\Util::unwrapIfClosure(Object(Closure))
#36 /Users/kayla/Desktop/2nd sem/sisdat prak/project mahaking kos/mahaking-kos/vendor/laravel/framework/src/Illuminate/Container/BoundMethod.php(35): Illuminate\\Container\\BoundMethod::callBoundMethod(Object(Illuminate\\Foundation\\Application), Array, Object(Closure))
#37 /Users/kayla/Desktop/2nd sem/sisdat prak/project mahaking kos/mahaking-kos/vendor/laravel/framework/src/Illuminate/Container/Container.php(799): Illuminate\\Container\\BoundMethod::call(Object(Illuminate\\Foundation\\Application), Array, Array, NULL)
#38 /Users/kayla/Desktop/2nd sem/sisdat prak/project mahaking kos/mahaking-kos/vendor/laravel/framework/src/Illuminate/Console/Command.php(280): Illuminate\\Container\\Container->call(Array)
#39 /Users/kayla/Desktop/2nd sem/sisdat prak/project mahaking kos/mahaking-kos/vendor/symfony/console/Command/Command.php(291): Illuminate\\Console\\Command->execute(Object(Symfony\\Component\\Console\\Input\\ArgvInput), Object(Illuminate\\Console\\OutputStyle))
#40 /Users/kayla/Desktop/2nd sem/sisdat prak/project mahaking kos/mahaking-kos/vendor/laravel/framework/src/Illuminate/Console/Command.php(249): Symfony\\Component\\Console\\Command\\Command->run(Object(Symfony\\Component\\Console\\Input\\ArgvInput), Object(Illuminate\\Console\\OutputStyle))
#41 /Users/kayla/Desktop/2nd sem/sisdat prak/project mahaking kos/mahaking-kos/vendor/symfony/console/Application.php(1107): Illuminate\\Console\\Command->run(Object(Symfony\\Component\\Console\\Input\\ArgvInput), Object(Symfony\\Component\\Console\\Output\\ConsoleOutput))
#42 /Users/kayla/Desktop/2nd sem/sisdat prak/project mahaking kos/mahaking-kos/vendor/symfony/console/Application.php(356): Symfony\\Component\\Console\\Application->doRunCommand(Object(Illuminate\\Database\\Console\\Migrations\\FreshCommand), Object(Symfony\\Component\\Console\\Input\\ArgvInput), Object(Symfony\\Component\\Console\\Output\\ConsoleOutput))
#43 /Users/kayla/Desktop/2nd sem/sisdat prak/project mahaking kos/mahaking-kos/vendor/symfony/console/Application.php(195): Symfony\\Component\\Console\\Application->doRun(Object(Symfony\\Component\\Console\\Input\\ArgvInput), Object(Symfony\\Component\\Console\\Output\\ConsoleOutput))
#44 /Users/kayla/Desktop/2nd sem/sisdat prak/project mahaking kos/mahaking-kos/vendor/laravel/framework/src/Illuminate/Foundation/Console/Kernel.php(198): Symfony\\Component\\Console\\Application->run(Object(Symfony\\Component\\Console\\Input\\ArgvInput), Object(Symfony\\Component\\Console\\Output\\ConsoleOutput))
#45 /Users/kayla/Desktop/2nd sem/sisdat prak/project mahaking kos/mahaking-kos/vendor/laravel/framework/src/Illuminate/Foundation/Application.php(1235): Illuminate\\Foundation\\Console\\Kernel->handle(Object(Symfony\\Component\\Console\\Input\\ArgvInput), Object(Symfony\\Component\\Console\\Output\\ConsoleOutput))
#46 /Users/kayla/Desktop/2nd sem/sisdat prak/project mahaking kos/mahaking-kos/artisan(16): Illuminate\\Foundation\\Application->handleCommand(Object(Symfony\\Component\\Console\\Input\\ArgvInput))
#47 {main}
"} 
[2026-05-26 12:22:31] local.ERROR: Command "migrte" is not defined.

Did you mean one of these?
    migrate
    migrate:fresh
    migrate:install
    migrate:refresh
    migrate:reset
    migrate:rollback
    migrate:status {"exception":"[object] (Symfony\\Component\\Console\\Exception\\CommandNotFoundException(code: 0): Command \"migrte\" is not defined.

Did you mean one of these?
    migrate
    migrate:fresh
    migrate:install
    migrate:refresh
    migrate:reset
    migrate:rollback
    migrate:status at /Users/kayla/Desktop/2nd sem/sisdat prak/project mahaking kos/mahaking-kos/vendor/symfony/console/Application.php:749)
[stacktrace]
#0 /Users/kayla/Desktop/2nd sem/sisdat prak/project mahaking kos/mahaking-kos/vendor/symfony/console/Application.php(298): Symfony\\Component\\Console\\Application->find('migrte')
#1 /Users/kayla/Desktop/2nd sem/sisdat prak/project mahaking kos/mahaking-kos/vendor/symfony/console/Application.php(195): Symfony\\Component\\Console\\Application->doRun(Object(Symfony\\Component\\Console\\Input\\ArgvInput), Object(Symfony\\Component\\Console\\Output\\ConsoleOutput))
#2 /Users/kayla/Desktop/2nd sem/sisdat prak/project mahaking kos/mahaking-kos/vendor/laravel/framework/src/Illuminate/Foundation/Console/Kernel.php(198): Symfony\\Component\\Console\\Application->run(Object(Symfony\\Component\\Console\\Input\\ArgvInput), Object(Symfony\\Component\\Console\\Output\\ConsoleOutput))
#3 /Users/kayla/Desktop/2nd sem/sisdat prak/project mahaking kos/mahaking-kos/vendor/laravel/framework/src/Illuminate/Foundation/Application.php(1235): Illuminate\\Foundation\\Console\\Kernel->handle(Object(Symfony\\Component\\Console\\Input\\ArgvInput), Object(Symfony\\Component\\Console\\Output\\ConsoleOutput))
#4 /Users/kayla/Desktop/2nd sem/sisdat prak/project mahaking kos/mahaking-kos/artisan(16): Illuminate\\Foundation\\Application->handleCommand(Object(Symfony\\Component\\Console\\Input\\ArgvInput))
#5 {main}
"} 
[2026-05-26 13:54:11] local.ERROR: SQLSTATE[42S02]: Base table or view not found: 1146 Table 'mahaking_kos.sessions' doesn't exist (Connection: mysql, Host: 127.0.0.1, Port: 8889, Database: mahaking_kos, SQL: select * from `sessions` where `id` = UByYYxI1mwYpwDV9pdICmxY9HTi0BgW4elOvZRd0 limit 1) {"exception":"[object] (Illuminate\\Database\\QueryException(code: 42S02): SQLSTATE[42S02]: Base table or view not found: 1146 Table 'mahaking_kos.sessions' doesn't exist (Connection: mysql, Host: 127.0.0.1, Port: 8889, Database: mahaking_kos, SQL: select * from `sessions` where `id` = UByYYxI1mwYpwDV9pdICmxY9HTi0BgW4elOvZRd0 limit 1) at /Users/kayla/Desktop/2nd sem/sisdat prak/project mahaking kos/mahaking-kos/vendor/laravel/framework/src/Illuminate/Database/Connection.php:841)
[stacktrace]
#0 /Users/kayla/Desktop/2nd sem/sisdat prak/project mahaking kos/mahaking-kos/vendor/laravel/framework/src/Illuminate/Database/Connection.php(797): Illuminate\\Database\\Connection->runQueryCallback('select * from `...', Array, Object(Closure))
#1 /Users/kayla/Desktop/2nd sem/sisdat prak/project mahaking kos/mahaking-kos/vendor/laravel/framework/src/Illuminate/Database/Connection.php(412): Illuminate\\Database\\Connection->run('select * from `...', Array, Object(Closure))
#2 /Users/kayla/Desktop/2nd sem/sisdat prak/project mahaking kos/mahaking-kos/vendor/laravel/framework/src/Illuminate/Database/Query/Builder.php(3567): Illuminate\\Database\\Connection->select('select * from `...', Array, false, Array)
#3 /Users/kayla/Desktop/2nd sem/sisdat prak/project mahaking kos/mahaking-kos/vendor/laravel/framework/src/Illuminate/Database/Query/Builder.php(3551): Illuminate\\Database\\Query\\Builder->runSelect()
#4 /Users/kayla/Desktop/2nd sem/sisdat prak/project mahaking kos/mahaking-kos/vendor/laravel/framework/src/Illuminate/Database/Concerns/BuildsQueries.php(366): Illuminate\\Database\\Query\\Builder->get(Array)
#5 /Users/kayla/Desktop/2nd sem/sisdat prak/project mahaking kos/mahaking-kos/vendor/laravel/framework/src/Illuminate/Database/Query/Builder.php(3469): Illuminate\\Database\\Query\\Builder->first(Array)
#6 /Users/kayla/Desktop/2nd sem/sisdat prak/project mahaking kos/mahaking-kos/vendor/laravel/framework/src/Illuminate/Session/DatabaseSessionHandler.php(96): Illuminate\\Database\\Query\\Builder->find('UByYYxI1mwYpwDV...')
#7 /Users/kayla/Desktop/2nd sem/sisdat prak/project mahaking kos/mahaking-kos/vendor/laravel/framework/src/Illuminate/Session/Store.php(128): Illuminate\\Session\\DatabaseSessionHandler->read('UByYYxI1mwYpwDV...')
#8 /Users/kayla/Desktop/2nd sem/sisdat prak/project mahaking kos/mahaking-kos/vendor/laravel/framework/src/Illuminate/Session/Store.php(116): Illuminate\\Session\\Store->readFromHandler()
#9 /Users/kayla/Desktop/2nd sem/sisdat prak/project mahaking kos/mahaking-kos/vendor/laravel/framework/src/Illuminate/Session/Store.php(100): Illuminate\\Session\\Store->loadSession()
#10 /Users/kayla/Desktop/2nd sem/sisdat prak/project mahaking kos/mahaking-kos/vendor/laravel/framework/src/Illuminate/Session/Middleware/StartSession.php(146): Illuminate\\Session\\Store->start()
#11 /Users/kayla/Desktop/2nd sem/sisdat prak/project mahaking kos/mahaking-kos/vendor/laravel/framework/src/Illuminate/Support/helpers.php(393): Illuminate\\Session\\Middleware\\StartSession->{closure:Illuminate\\Session\\Middleware\\StartSession::startSession():143}(Object(Illuminate\\Session\\Store))
#12 /Users/kayla/Desktop/2nd sem/sisdat prak/project mahaking kos/mahaking-kos/vendor/laravel/framework/src/Illuminate/Session/Middleware/StartSession.php(143): tap(Object(Illuminate\\Session\\Store), Object(Closure))
#13 /Users/kayla/Desktop/2nd sem/sisdat prak/project mahaking kos/mahaking-kos/vendor/laravel/framework/src/Illuminate/Session/Middleware/StartSession.php(115): Illuminate\\Session\\Middleware\\StartSession->startSession(Object(Illuminate\\Http\\Request), Object(Illuminate\\Session\\Store))
#14 /Users/kayla/Desktop/2nd sem/sisdat prak/project mahaking kos/mahaking-kos/vendor/laravel/framework/src/Illuminate/Session/Middleware/StartSession.php(63): Illuminate\\Session\\Middleware\\StartSession->handleStatefulRequest(Object(Illuminate\\Http\\Request), Object(Illuminate\\Session\\Store), Object(Closure))
#15 /Users/kayla/Desktop/2nd sem/sisdat prak/project mahaking kos/mahaking-kos/vendor/laravel/framework/src/Illuminate/Pipeline/Pipeline.php(219): Illuminate\\Session\\Middleware\\StartSession->handle(Object(Illuminate\\Http\\Request), Object(Closure))
#16 /Users/kayla/Desktop/2nd sem/sisdat prak/project mahaking kos/mahaking-kos/vendor/laravel/framework/src/Illuminate/Cookie/Middleware/AddQueuedCookiesToResponse.php(36): Illuminate\\Pipeline\\Pipeline->{closure:{closure:Illuminate\\Pipeline\\Pipeline::carry():194}:195}(Object(Illuminate\\Http\\Request))
#17 /Users/kayla/Desktop/2nd sem/sisdat prak/project mahaking kos/mahaking-kos/vendor/laravel/framework/src/Illuminate/Pipeline/Pipeline.php(219): Illuminate\\Cookie\\Middleware\\AddQueuedCookiesToResponse->handle(Object(Illuminate\\Http\\Request), Object(Closure))
#18 /Users/kayla/Desktop/2nd sem/sisdat prak/project mahaking kos/mahaking-kos/vendor/laravel/framework/src/Illuminate/Cookie/Middleware/EncryptCookies.php(74): Illuminate\\Pipeline\\Pipeline->{closure:{closure:Illuminate\\Pipeline\\Pipeline::carry():194}:195}(Object(Illuminate\\Http\\Request))
#19 /Users/kayla/Desktop/2nd sem/sisdat prak/project mahaking kos/mahaking-kos/vendor/laravel/framework/src/Illuminate/Pipeline/Pipeline.php(219): Illuminate\\Cookie\\Middleware\\EncryptCookies->handle(Object(Illuminate\\Http\\Request), Object(Closure))
#20 /Users/kayla/Desktop/2nd sem/sisdat prak/project mahaking kos/mahaking-kos/vendor/laravel/framework/src/Illuminate/Pipeline/Pipeline.php(137): Illuminate\\Pipeline\\Pipeline->{closure:{closure:Illuminate\\Pipeline\\Pipeline::carry():194}:195}(Object(Illuminate\\Http\\Request))
#21 /Users/kayla/Desktop/2nd sem/sisdat prak/project mahaking kos/mahaking-kos/vendor/laravel/framework/src/Illuminate/Routing/Router.php(821): Illuminate\\Pipeline\\Pipeline->then(Object(Closure))
#22 /Users/kayla/Desktop/2nd sem/sisdat prak/project mahaking kos/mahaking-kos/vendor/laravel/framework/src/Illuminate/Routing/Router.php(800): Illuminate\\Routing\\Router->runRouteWithinStack(Object(Illuminate\\Routing\\Route), Object(Illuminate\\Http\\Request))
#23 /Users/kayla/Desktop/2nd sem/sisdat prak/project mahaking kos/mahaking-kos/vendor/laravel/framework/src/Illuminate/Routing/Router.php(764): Illuminate\\Routing\\Router->runRoute(Object(Illuminate\\Http\\Request), Object(Illuminate\\Routing\\Route))
#24 /Users/kayla/Desktop/2nd sem/sisdat prak/project mahaking kos/mahaking-kos/vendor/laravel/framework/src/Illuminate/Routing/Router.php(753): Illuminate\\Routing\\Router->dispatchToRoute(Object(Illuminate\\Http\\Request))
#25 /Users/kayla/Desktop/2nd sem/sisdat prak/project mahaking kos/mahaking-kos/vendor/laravel/framework/src/Illuminate/Foundation/Http/Kernel.php(200): Illuminate\\Routing\\Router->dispatch(Object(Illuminate\\Http\\Request))
#26 /Users/kayla/Desktop/2nd sem/sisdat prak/project mahaking kos/mahaking-kos/vendor/laravel/framework/src/Illuminate/Pipeline/Pipeline.php(180): Illuminate\\Foundation\\Http\\Kernel->{closure:Illuminate\\Foundation\\Http\\Kernel::dispatchToRouter():197}(Object(Illuminate\\Http\\Request))
#27 /Users/kayla/Desktop/2nd sem/sisdat prak/project mahaking kos/mahaking-kos/vendor/laravel/framework/src/Illuminate/Foundation/Http/Middleware/TransformsRequest.php(21): Illuminate\\Pipeline\\Pipeline->{closure:Illuminate\\Pipeline\\Pipeline::prepareDestination():178}(Object(Illuminate\\Http\\Request))
#28 /Users/kayla/Desktop/2nd sem/sisdat prak/project mahaking kos/mahaking-kos/vendor/laravel/framework/src/Illuminate/Foundation/Http/Middleware/ConvertEmptyStringsToNull.php(31): Illuminate\\Foundation\\Http\\Middleware\\TransformsRequest->handle(Object(Illuminate\\Http\\Request), Object(Closure))
#29 /Users/kayla/Desktop/2nd sem/sisdat prak/project mahaking kos/mahaking-kos/vendor/laravel/framework/src/Illuminate/Pipeline/Pipeline.php(219): Illuminate\\Foundation\\Http\\Middleware\\ConvertEmptyStringsToNull->handle(Object(Illuminate\\Http\\Request), Object(Closure))
#30 /Users/kayla/Desktop/2nd sem/sisdat prak/project mahaking kos/mahaking-kos/vendor/laravel/framework/src/Illuminate/Foundation/Http/Middleware/TransformsRequest.php(21): Illuminate\\Pipeline\\Pipeline->{closure:{closure:Illuminate\\Pipeline\\Pipeline::carry():194}:195}(Object(Illuminate\\Http\\Request))
#31 /Users/kayla/Desktop/2nd sem/sisdat prak/project mahaking kos/mahaking-kos/vendor/laravel/framework/src/Illuminate/Foundation/Http/Middleware/TrimStrings.php(51): Illuminate\\Foundation\\Http\\Middleware\\TransformsRequest->handle(Object(Illuminate\\Http\\Request), Object(Closure))
#32 /Users/kayla/Desktop/2nd sem/sisdat prak/project mahaking kos/mahaking-kos/vendor/laravel/framework/src/Illuminate/Pipeline/Pipeline.php(219): Illuminate\\Foundation\\Http\\Middleware\\TrimStrings->handle(Object(Illuminate\\Http\\Request), Object(Closure))
#33 /Users/kayla/Desktop/2nd sem/sisdat prak/project mahaking kos/mahaking-kos/vendor/laravel/framework/src/Illuminate/Http/Middleware/ValidatePostSize.php(27): Illuminate\\Pipeline\\Pipeline->{closure:{closure:Illuminate\\Pipeline\\Pipeline::carry():194}:195}(Object(Illuminate\\Http\\Request))
#34 /Users/kayla/Desktop/2nd sem/sisdat prak/project mahaking kos/mahaking-kos/vendor/laravel/framework/src/Illuminate/Pipeline/Pipeline.php(219): Illuminate\\Http\\Middleware\\ValidatePostSize->handle(Object(Illuminate\\Http\\Request), Object(Closure))
#35 /Users/kayla/Desktop/2nd sem/sisdat prak/project mahaking kos/mahaking-kos/vendor/laravel/framework/src/Illuminate/Foundation/Http/Middleware/PreventRequestsDuringMaintenance.php(109): Illuminate\\Pipeline\\Pipeline->{closure:{closure:Illuminate\\Pipeline\\Pipeline::carry():194}:195}(Object(Illuminate\\Http\\Request))
#36 /Users/kayla/Desktop/2nd sem/sisdat prak/project mahaking kos/mahaking-kos/vendor/laravel/framework/src/Illuminate/Pipeline/Pipeline.php(219): Illuminate\\Foundation\\Http\\Middleware\\PreventRequestsDuringMaintenance->handle(Object(Illuminate\\Http\\Request), Object(Closure))
#37 /Users/kayla/Desktop/2nd sem/sisdat prak/project mahaking kos/mahaking-kos/vendor/laravel/framework/src/Illuminate/Http/Middleware/HandleCors.php(61): Illuminate\\Pipeline\\Pipeline->{closure:{closure:Illuminate\\Pipeline\\Pipeline::carry():194}:195}(Object(Illuminate\\Http\\Request))
#38 /Users/kayla/Desktop/2nd sem/sisdat prak/project mahaking kos/mahaking-kos/vendor/laravel/framework/src/Illuminate/Pipeline/Pipeline.php(219): Illuminate\\Http\\Middleware\\HandleCors->handle(Object(Illuminate\\Http\\Request), Object(Closure))
#39 /Users/kayla/Desktop/2nd sem/sisdat prak/project mahaking kos/mahaking-kos/vendor/laravel/framework/src/Illuminate/Http/Middleware/TrustProxies.php(58): Illuminate\\Pipeline\\Pipeline->{closure:{closure:Illuminate\\Pipeline\\Pipeline::carry():194}:195}(Object(Illuminate\\Http\\Request))
#40 /Users/kayla/Desktop/2nd sem/sisdat prak/project mahaking kos/mahaking-kos/vendor/laravel/framework/src/Illuminate/Pipeline/Pipeline.php(219): Illuminate\\Http\\Middleware\\TrustProxies->handle(Object(Illuminate\\Http\\Request), Object(Closure))
#41 /Users/kayla/Desktop/2nd sem/sisdat prak/project mahaking kos/mahaking-kos/vendor/laravel/framework/src/Illuminate/Foundation/Http/Middleware/InvokeDeferredCallbacks.php(22): Illuminate\\Pipeline\\Pipeline->{closure:{closure:Illuminate\\Pipeline\\Pipeline::carry():194}:195}(Object(Illuminate\\Http\\Request))
#42 /Users/kayla/Desktop/2nd sem/sisdat prak/project mahaking kos/mahaking-kos/vendor/laravel/framework/src/Illuminate/Pipeline/Pipeline.php(219): Illuminate\\Foundation\\Http\\Middleware\\InvokeDeferredCallbacks->handle(Object(Illuminate\\Http\\Request), Object(Closure))
#43 /Users/kayla/Desktop/2nd sem/sisdat prak/project mahaking kos/mahaking-kos/vendor/laravel/framework/src/Illuminate/Http/Middleware/ValidatePathEncoding.php(28): Illuminate\\Pipeline\\Pipeline->{closure:{closure:Illuminate\\Pipeline\\Pipeline::carry():194}:195}(Object(Illuminate\\Http\\Request))
#44 /Users/kayla/Desktop/2nd sem/sisdat prak/project mahaking kos/mahaking-kos/vendor/laravel/framework/src/Illuminate/Pipeline/Pipeline.php(219): Illuminate\\Http\\Middleware\\ValidatePathEncoding->handle(Object(Illuminate\\Http\\Request), Object(Closure))
#45 /Users/kayla/Desktop/2nd sem/sisdat prak/project mahaking kos/mahaking-kos/vendor/laravel/framework/src/Illuminate/Pipeline/Pipeline.php(137): Illuminate\\Pipeline\\Pipeline->{closure:{closure:Illuminate\\Pipeline\\Pipeline::carry():194}:195}(Object(Illuminate\\Http\\Request))
#46 /Users/kayla/Desktop/2nd sem/sisdat prak/project mahaking kos/mahaking-kos/vendor/laravel/framework/src/Illuminate/Foundation/Http/Kernel.php(175): Illuminate\\Pipeline\\Pipeline->then(Object(Closure))
#47 /Users/kayla/Desktop/2nd sem/sisdat prak/project mahaking kos/mahaking-kos/vendor/laravel/framework/src/Illuminate/Foundation/Http/Kernel.php(144): Illuminate\\Foundation\\Http\\Kernel->sendRequestThroughRouter(Object(Illuminate\\Http\\Request))
#48 /Users/kayla/Desktop/2nd sem/sisdat prak/project mahaking kos/mahaking-kos/vendor/laravel/framework/src/Illuminate/Foundation/Application.php(1220): Illuminate\\Foundation\\Http\\Kernel->handle(Object(Illuminate\\Http\\Request))
#49 /Users/kayla/Desktop/2nd sem/sisdat prak/project mahaking kos/mahaking-kos/public/index.php(20): Illuminate\\Foundation\\Application->handleRequest(Object(Illuminate\\Http\\Request))
#50 /Users/kayla/Desktop/2nd sem/sisdat prak/project mahaking kos/mahaking-kos/vendor/laravel/framework/src/Illuminate/Foundation/resources/server.php(23): require_once('/Users/kayla/De...')
#51 {main}

[previous exception] [object] (PDOException(code: 42S02): SQLSTATE[42S02]: Base table or view not found: 1146 Table 'mahaking_kos.sessions' doesn't exist at /Users/kayla/Desktop/2nd sem/sisdat prak/project mahaking kos/mahaking-kos/vendor/laravel/framework/src/Illuminate/Database/Connection.php:421)
[stacktrace]
#0 /Users/kayla/Desktop/2nd sem/sisdat prak/project mahaking kos/mahaking-kos/vendor/laravel/framework/src/Illuminate/Database/Connection.php(421): PDO->prepare('select * from `...')
#1 /Users/kayla/Desktop/2nd sem/sisdat prak/project mahaking kos/mahaking-kos/vendor/laravel/framework/src/Illuminate/Database/Connection.php(830): Illuminate\\Database\\Connection->{closure:Illuminate\\Database\\Connection::select():412}('select * from `...', Array)
#2 /Users/kayla/Desktop/2nd sem/sisdat prak/project mahaking kos/mahaking-kos/vendor/laravel/framework/src/Illuminate/Database/Connection.php(797): Illuminate\\Database\\Connection->runQueryCallback('select * from `...', Array, Object(Closure))
#3 /Users/kayla/Desktop/2nd sem/sisdat prak/project mahaking kos/mahaking-kos/vendor/laravel/framework/src/Illuminate/Database/Connection.php(412): Illuminate\\Database\\Connection->run('select * from `...', Array, Object(Closure))
#4 /Users/kayla/Desktop/2nd sem/sisdat prak/project mahaking kos/mahaking-kos/vendor/laravel/framework/src/Illuminate/Database/Query/Builder.php(3567): Illuminate\\Database\\Connection->select('select * from `...', Array, false, Array)
#5 /Users/kayla/Desktop/2nd sem/sisdat prak/project mahaking kos/mahaking-kos/vendor/laravel/framework/src/Illuminate/Database/Query/Builder.php(3551): Illuminate\\Database\\Query\\Builder->runSelect()
#6 /Users/kayla/Desktop/2nd sem/sisdat prak/project mahaking kos/mahaking-kos/vendor/laravel/framework/src/Illuminate/Database/Concerns/BuildsQueries.php(366): Illuminate\\Database\\Query\\Builder->get(Array)
#7 /Users/kayla/Desktop/2nd sem/sisdat prak/project mahaking kos/mahaking-kos/vendor/laravel/framework/src/Illuminate/Database/Query/Builder.php(3469): Illuminate\\Database\\Query\\Builder->first(Array)
#8 /Users/kayla/Desktop/2nd sem/sisdat prak/project mahaking kos/mahaking-kos/vendor/laravel/framework/src/Illuminate/Session/DatabaseSessionHandler.php(96): Illuminate\\Database\\Query\\Builder->find('UByYYxI1mwYpwDV...')
#9 /Users/kayla/Desktop/2nd sem/sisdat prak/project mahaking kos/mahaking-kos/vendor/laravel/framework/src/Illuminate/Session/Store.php(128): Illuminate\\Session\\DatabaseSessionHandler->read('UByYYxI1mwYpwDV...')
#10 /Users/kayla/Desktop/2nd sem/sisdat prak/project mahaking kos/mahaking-kos/vendor/laravel/framework/src/Illuminate/Session/Store.php(116): Illuminate\\Session\\Store->readFromHandler()
#11 /Users/kayla/Desktop/2nd sem/sisdat prak/project mahaking kos/mahaking-kos/vendor/laravel/framework/src/Illuminate/Session/Store.php(100): Illuminate\\Session\\Store->loadSession()
#12 /Users/kayla/Desktop/2nd sem/sisdat prak/project mahaking kos/mahaking-kos/vendor/laravel/framework/src/Illuminate/Session/Middleware/StartSession.php(146): Illuminate\\Session\\Store->start()
#13 /Users/kayla/Desktop/2nd sem/sisdat prak/project mahaking kos/mahaking-kos/vendor/laravel/framework/src/Illuminate/Support/helpers.php(393): Illuminate\\Session\\Middleware\\StartSession->{closure:Illuminate\\Session\\Middleware\\StartSession::startSession():143}(Object(Illuminate\\Session\\Store))
#14 /Users/kayla/Desktop/2nd sem/sisdat prak/project mahaking kos/mahaking-kos/vendor/laravel/framework/src/Illuminate/Session/Middleware/StartSession.php(143): tap(Object(Illuminate\\Session\\Store), Object(Closure))
#15 /Users/kayla/Desktop/2nd sem/sisdat prak/project mahaking kos/mahaking-kos/vendor/laravel/framework/src/Illuminate/Session/Middleware/StartSession.php(115): Illuminate\\Session\\Middleware\\StartSession->startSession(Object(Illuminate\\Http\\Request), Object(Illuminate\\Session\\Store))
#16 /Users/kayla/Desktop/2nd sem/sisdat prak/project mahaking kos/mahaking-kos/vendor/laravel/framework/src/Illuminate/Session/Middleware/StartSession.php(63): Illuminate\\Session\\Middleware\\StartSession->handleStatefulRequest(Object(Illuminate\\Http\\Request), Object(Illuminate\\Session\\Store), Object(Closure))
#17 /Users/kayla/Desktop/2nd sem/sisdat prak/project mahaking kos/mahaking-kos/vendor/laravel/framework/src/Illuminate/Pipeline/Pipeline.php(219): Illuminate\\Session\\Middleware\\StartSession->handle(Object(Illuminate\\Http\\Request), Object(Closure))
#18 /Users/kayla/Desktop/2nd sem/sisdat prak/project mahaking kos/mahaking-kos/vendor/laravel/framework/src/Illuminate/Cookie/Middleware/AddQueuedCookiesToResponse.php(36): Illuminate\\Pipeline\\Pipeline->{closure:{closure:Illuminate\\Pipeline\\Pipeline::carry():194}:195}(Object(Illuminate\\Http\\Request))
#19 /Users/kayla/Desktop/2nd sem/sisdat prak/project mahaking kos/mahaking-kos/vendor/laravel/framework/src/Illuminate/Pipeline/Pipeline.php(219): Illuminate\\Cookie\\Middleware\\AddQueuedCookiesToResponse->handle(Object(Illuminate\\Http\\Request), Object(Closure))
#20 /Users/kayla/Desktop/2nd sem/sisdat prak/project mahaking kos/mahaking-kos/vendor/laravel/framework/src/Illuminate/Cookie/Middleware/EncryptCookies.php(74): Illuminate\\Pipeline\\Pipeline->{closure:{closure:Illuminate\\Pipeline\\Pipeline::carry():194}:195}(Object(Illuminate\\Http\\Request))
#21 /Users/kayla/Desktop/2nd sem/sisdat prak/project mahaking kos/mahaking-kos/vendor/laravel/framework/src/Illuminate/Pipeline/Pipeline.php(219): Illuminate\\Cookie\\Middleware\\EncryptCookies->handle(Object(Illuminate\\Http\\Request), Object(Closure))
#22 /Users/kayla/Desktop/2nd sem/sisdat prak/project mahaking kos/mahaking-kos/vendor/laravel/framework/src/Illuminate/Pipeline/Pipeline.php(137): Illuminate\\Pipeline\\Pipeline->{closure:{closure:Illuminate\\Pipeline\\Pipeline::carry():194}:195}(Object(Illuminate\\Http\\Request))
#23 /Users/kayla/Desktop/2nd sem/sisdat prak/project mahaking kos/mahaking-kos/vendor/laravel/framework/src/Illuminate/Routing/Router.php(821): Illuminate\\Pipeline\\Pipeline->then(Object(Closure))
#24 /Users/kayla/Desktop/2nd sem/sisdat prak/project mahaking kos/mahaking-kos/vendor/laravel/framework/src/Illuminate/Routing/Router.php(800): Illuminate\\Routing\\Router->runRouteWithinStack(Object(Illuminate\\Routing\\Route), Object(Illuminate\\Http\\Request))
#25 /Users/kayla/Desktop/2nd sem/sisdat prak/project mahaking kos/mahaking-kos/vendor/laravel/framework/src/Illuminate/Routing/Router.php(764): Illuminate\\Routing\\Router->runRoute(Object(Illuminate\\Http\\Request), Object(Illuminate\\Routing\\Route))
#26 /Users/kayla/Desktop/2nd sem/sisdat prak/project mahaking kos/mahaking-kos/vendor/laravel/framework/src/Illuminate/Routing/Router.php(753): Illuminate\\Routing\\Router->dispatchToRoute(Object(Illuminate\\Http\\Request))
#27 /Users/kayla/Desktop/2nd sem/sisdat prak/project mahaking kos/mahaking-kos/vendor/laravel/framework/src/Illuminate/Foundation/Http/Kernel.php(200): Illuminate\\Routing\\Router->dispatch(Object(Illuminate\\Http\\Request))
#28 /Users/kayla/Desktop/2nd sem/sisdat prak/project mahaking kos/mahaking-kos/vendor/laravel/framework/src/Illuminate/Pipeline/Pipeline.php(180): Illuminate\\Foundation\\Http\\Kernel->{closure:Illuminate\\Foundation\\Http\\Kernel::dispatchToRouter():197}(Object(Illuminate\\Http\\Request))
#29 /Users/kayla/Desktop/2nd sem/sisdat prak/project mahaking kos/mahaking-kos/vendor/laravel/framework/src/Illuminate/Foundation/Http/Middleware/TransformsRequest.php(21): Illuminate\\Pipeline\\Pipeline->{closure:Illuminate\\Pipeline\\Pipeline::prepareDestination():178}(Object(Illuminate\\Http\\Request))
#30 /Users/kayla/Desktop/2nd sem/sisdat prak/project mahaking kos/mahaking-kos/vendor/laravel/framework/src/Illuminate/Foundation/Http/Middleware/ConvertEmptyStringsToNull.php(31): Illuminate\\Foundation\\Http\\Middleware\\TransformsRequest->handle(Object(Illuminate\\Http\\Request), Object(Closure))
#31 /Users/kayla/Desktop/2nd sem/sisdat prak/project mahaking kos/mahaking-kos/vendor/laravel/framework/src/Illuminate/Pipeline/Pipeline.php(219): Illuminate\\Foundation\\Http\\Middleware\\ConvertEmptyStringsToNull->handle(Object(Illuminate\\Http\\Request), Object(Closure))
#32 /Users/kayla/Desktop/2nd sem/sisdat prak/project mahaking kos/mahaking-kos/vendor/laravel/framework/src/Illuminate/Foundation/Http/Middleware/TransformsRequest.php(21): Illuminate\\Pipeline\\Pipeline->{closure:{closure:Illuminate\\Pipeline\\Pipeline::carry():194}:195}(Object(Illuminate\\Http\\Request))
#33 /Users/kayla/Desktop/2nd sem/sisdat prak/project mahaking kos/mahaking-kos/vendor/laravel/framework/src/Illuminate/Foundation/Http/Middleware/TrimStrings.php(51): Illuminate\\Foundation\\Http\\Middleware\\TransformsRequest->handle(Object(Illuminate\\Http\\Request), Object(Closure))
#34 /Users/kayla/Desktop/2nd sem/sisdat prak/project mahaking kos/mahaking-kos/vendor/laravel/framework/src/Illuminate/Pipeline/Pipeline.php(219): Illuminate\\Foundation\\Http\\Middleware\\TrimStrings->handle(Object(Illuminate\\Http\\Request), Object(Closure))
#35 /Users/kayla/Desktop/2nd sem/sisdat prak/project mahaking kos/mahaking-kos/vendor/laravel/framework/src/Illuminate/Http/Middleware/ValidatePostSize.php(27): Illuminate\\Pipeline\\Pipeline->{closure:{closure:Illuminate\\Pipeline\\Pipeline::carry():194}:195}(Object(Illuminate\\Http\\Request))
#36 /Users/kayla/Desktop/2nd sem/sisdat prak/project mahaking kos/mahaking-kos/vendor/laravel/framework/src/Illuminate/Pipeline/Pipeline.php(219): Illuminate\\Http\\Middleware\\ValidatePostSize->handle(Object(Illuminate\\Http\\Request), Object(Closure))
#37 /Users/kayla/Desktop/2nd sem/sisdat prak/project mahaking kos/mahaking-kos/vendor/laravel/framework/src/Illuminate/Foundation/Http/Middleware/PreventRequestsDuringMaintenance.php(109): Illuminate\\Pipeline\\Pipeline->{closure:{closure:Illuminate\\Pipeline\\Pipeline::carry():194}:195}(Object(Illuminate\\Http\\Request))
#38 /Users/kayla/Desktop/2nd sem/sisdat prak/project mahaking kos/mahaking-kos/vendor/laravel/framework/src/Illuminate/Pipeline/Pipeline.php(219): Illuminate\\Foundation\\Http\\Middleware\\PreventRequestsDuringMaintenance->handle(Object(Illuminate\\Http\\Request), Object(Closure))
#39 /Users/kayla/Desktop/2nd sem/sisdat prak/project mahaking kos/mahaking-kos/vendor/laravel/framework/src/Illuminate/Http/Middleware/HandleCors.php(61): Illuminate\\Pipeline\\Pipeline->{closure:{closure:Illuminate\\Pipeline\\Pipeline::carry():194}:195}(Object(Illuminate\\Http\\Request))
#40 /Users/kayla/Desktop/2nd sem/sisdat prak/project mahaking kos/mahaking-kos/vendor/laravel/framework/src/Illuminate/Pipeline/Pipeline.php(219): Illuminate\\Http\\Middleware\\HandleCors->handle(Object(Illuminate\\Http\\Request), Object(Closure))
#41 /Users/kayla/Desktop/2nd sem/sisdat prak/project mahaking kos/mahaking-kos/vendor/laravel/framework/src/Illuminate/Http/Middleware/TrustProxies.php(58): Illuminate\\Pipeline\\Pipeline->{closure:{closure:Illuminate\\Pipeline\\Pipeline::carry():194}:195}(Object(Illuminate\\Http\\Request))
#42 /Users/kayla/Desktop/2nd sem/sisdat prak/project mahaking kos/mahaking-kos/vendor/laravel/framework/src/Illuminate/Pipeline/Pipeline.php(219): Illuminate\\Http\\Middleware\\TrustProxies->handle(Object(Illuminate\\Http\\Request), Object(Closure))
#43 /Users/kayla/Desktop/2nd sem/sisdat prak/project mahaking kos/mahaking-kos/vendor/laravel/framework/src/Illuminate/Foundation/Http/Middleware/InvokeDeferredCallbacks.php(22): Illuminate\\Pipeline\\Pipeline->{closure:{closure:Illuminate\\Pipeline\\Pipeline::carry():194}:195}(Object(Illuminate\\Http\\Request))
#44 /Users/kayla/Desktop/2nd sem/sisdat prak/project mahaking kos/mahaking-kos/vendor/laravel/framework/src/Illuminate/Pipeline/Pipeline.php(219): Illuminate\\Foundation\\Http\\Middleware\\InvokeDeferredCallbacks->handle(Object(Illuminate\\Http\\Request), Object(Closure))
#45 /Users/kayla/Desktop/2nd sem/sisdat prak/project mahaking kos/mahaking-kos/vendor/laravel/framework/src/Illuminate/Http/Middleware/ValidatePathEncoding.php(28): Illuminate\\Pipeline\\Pipeline->{closure:{closure:Illuminate\\Pipeline\\Pipeline::carry():194}:195}(Object(Illuminate\\Http\\Request))
#46 /Users/kayla/Desktop/2nd sem/sisdat prak/project mahaking kos/mahaking-kos/vendor/laravel/framework/src/Illuminate/Pipeline/Pipeline.php(219): Illuminate\\Http\\Middleware\\ValidatePathEncoding->handle(Object(Illuminate\\Http\\Request), Object(Closure))
#47 /Users/kayla/Desktop/2nd sem/sisdat prak/project mahaking kos/mahaking-kos/vendor/laravel/framework/src/Illuminate/Pipeline/Pipeline.php(137): Illuminate\\Pipeline\\Pipeline->{closure:{closure:Illuminate\\Pipeline\\Pipeline::carry():194}:195}(Object(Illuminate\\Http\\Request))
#48 /Users/kayla/Desktop/2nd sem/sisdat prak/project mahaking kos/mahaking-kos/vendor/laravel/framework/src/Illuminate/Foundation/Http/Kernel.php(175): Illuminate\\Pipeline\\Pipeline->then(Object(Closure))
#49 /Users/kayla/Desktop/2nd sem/sisdat prak/project mahaking kos/mahaking-kos/vendor/laravel/framework/src/Illuminate/Foundation/Http/Kernel.php(144): Illuminate\\Foundation\\Http\\Kernel->sendRequestThroughRouter(Object(Illuminate\\Http\\Request))
#50 /Users/kayla/Desktop/2nd sem/sisdat prak/project mahaking kos/mahaking-kos/vendor/laravel/framework/src/Illuminate/Foundation/Application.php(1220): Illuminate\\Foundation\\Http\\Kernel->handle(Object(Illuminate\\Http\\Request))
#51 /Users/kayla/Desktop/2nd sem/sisdat prak/project mahaking kos/mahaking-kos/public/index.php(20): Illuminate\\Foundation\\Application->handleRequest(Object(Illuminate\\Http\\Request))
#52 /Users/kayla/Desktop/2nd sem/sisdat prak/project mahaking kos/mahaking-kos/vendor/laravel/framework/src/Illuminate/Foundation/resources/server.php(23): require_once('/Users/kayla/De...')
#53 {main}
"} 
[2026-05-26 14:09:57] local.ERROR: SQLSTATE[42S02]: Base table or view not found: 1146 Table 'mahaking_kos.sessions' doesn't exist (Connection: mysql, Host: 127.0.0.1, Port: 8889, Database: mahaking_kos, SQL: select * from `sessions` where `id` = x3XEGkRJps4PbXa1oLah8LfhFZmXCyToAXuUWHpm limit 1) {"exception":"[object] (Illuminate\\Database\\QueryException(code: 42S02): SQLSTATE[42S02]: Base table or view not found: 1146 Table 'mahaking_kos.sessions' doesn't exist (Connection: mysql, Host: 127.0.0.1, Port: 8889, Database: mahaking_kos, SQL: select * from `sessions` where `id` = x3XEGkRJps4PbXa1oLah8LfhFZmXCyToAXuUWHpm limit 1) at /Users/kayla/Desktop/2nd sem/sisdat prak/project mahaking kos/mahaking-kos/vendor/laravel/framework/src/Illuminate/Database/Connection.php:841)
[stacktrace]
#0 /Users/kayla/Desktop/2nd sem/sisdat prak/project mahaking kos/mahaking-kos/vendor/laravel/framework/src/Illuminate/Database/Connection.php(797): Illuminate\\Database\\Connection->runQueryCallback('select * from `...', Array, Object(Closure))
#1 /Users/kayla/Desktop/2nd sem/sisdat prak/project mahaking kos/mahaking-kos/vendor/laravel/framework/src/Illuminate/Database/Connection.php(412): Illuminate\\Database\\Connection->run('select * from `...', Array, Object(Closure))
#2 /Users/kayla/Desktop/2nd sem/sisdat prak/project mahaking kos/mahaking-kos/vendor/laravel/framework/src/Illuminate/Database/Query/Builder.php(3567): Illuminate\\Database\\Connection->select('select * from `...', Array, false, Array)
#3 /Users/kayla/Desktop/2nd sem/sisdat prak/project mahaking kos/mahaking-kos/vendor/laravel/framework/src/Illuminate/Database/Query/Builder.php(3551): Illuminate\\Database\\Query\\Builder->runSelect()
#4 /Users/kayla/Desktop/2nd sem/sisdat prak/project mahaking kos/mahaking-kos/vendor/laravel/framework/src/Illuminate/Database/Concerns/BuildsQueries.php(366): Illuminate\\Database\\Query\\Builder->get(Array)
#5 /Users/kayla/Desktop/2nd sem/sisdat prak/project mahaking kos/mahaking-kos/vendor/laravel/framework/src/Illuminate/Database/Query/Builder.php(3469): Illuminate\\Database\\Query\\Builder->first(Array)
#6 /Users/kayla/Desktop/2nd sem/sisdat prak/project mahaking kos/mahaking-kos/vendor/laravel/framework/src/Illuminate/Session/DatabaseSessionHandler.php(96): Illuminate\\Database\\Query\\Builder->find('x3XEGkRJps4PbXa...')
#7 /Users/kayla/Desktop/2nd sem/sisdat prak/project mahaking kos/mahaking-kos/vendor/laravel/framework/src/Illuminate/Session/Store.php(128): Illuminate\\Session\\DatabaseSessionHandler->read('x3XEGkRJps4PbXa...')
#8 /Users/kayla/Desktop/2nd sem/sisdat prak/project mahaking kos/mahaking-kos/vendor/laravel/framework/src/Illuminate/Session/Store.php(116): Illuminate\\Session\\Store->readFromHandler()
#9 /Users/kayla/Desktop/2nd sem/sisdat prak/project mahaking kos/mahaking-kos/vendor/laravel/framework/src/Illuminate/Session/Store.php(100): Illuminate\\Session\\Store->loadSession()
#10 /Users/kayla/Desktop/2nd sem/sisdat prak/project mahaking kos/mahaking-kos/vendor/laravel/framework/src/Illuminate/Session/Middleware/StartSession.php(146): Illuminate\\Session\\Store->start()
#11 /Users/kayla/Desktop/2nd sem/sisdat prak/project mahaking kos/mahaking-kos/vendor/laravel/framework/src/Illuminate/Support/helpers.php(393): Illuminate\\Session\\Middleware\\StartSession->{closure:Illuminate\\Session\\Middleware\\StartSession::startSession():143}(Object(Illuminate\\Session\\Store))
#12 /Users/kayla/Desktop/2nd sem/sisdat prak/project mahaking kos/mahaking-kos/vendor/laravel/framework/src/Illuminate/Session/Middleware/StartSession.php(143): tap(Object(Illuminate\\Session\\Store), Object(Closure))
#13 /Users/kayla/Desktop/2nd sem/sisdat prak/project mahaking kos/mahaking-kos/vendor/laravel/framework/src/Illuminate/Session/Middleware/StartSession.php(115): Illuminate\\Session\\Middleware\\StartSession->startSession(Object(Illuminate\\Http\\Request), Object(Illuminate\\Session\\Store))
#14 /Users/kayla/Desktop/2nd sem/sisdat prak/project mahaking kos/mahaking-kos/vendor/laravel/framework/src/Illuminate/Session/Middleware/StartSession.php(63): Illuminate\\Session\\Middleware\\StartSession->handleStatefulRequest(Object(Illuminate\\Http\\Request), Object(Illuminate\\Session\\Store), Object(Closure))
#15 /Users/kayla/Desktop/2nd sem/sisdat prak/project mahaking kos/mahaking-kos/vendor/laravel/framework/src/Illuminate/Pipeline/Pipeline.php(219): Illuminate\\Session\\Middleware\\StartSession->handle(Object(Illuminate\\Http\\Request), Object(Closure))
#16 /Users/kayla/Desktop/2nd sem/sisdat prak/project mahaking kos/mahaking-kos/vendor/laravel/framework/src/Illuminate/Cookie/Middleware/AddQueuedCookiesToResponse.php(36): Illuminate\\Pipeline\\Pipeline->{closure:{closure:Illuminate\\Pipeline\\Pipeline::carry():194}:195}(Object(Illuminate\\Http\\Request))
#17 /Users/kayla/Desktop/2nd sem/sisdat prak/project mahaking kos/mahaking-kos/vendor/laravel/framework/src/Illuminate/Pipeline/Pipeline.php(219): Illuminate\\Cookie\\Middleware\\AddQueuedCookiesToResponse->handle(Object(Illuminate\\Http\\Request), Object(Closure))
#18 /Users/kayla/Desktop/2nd sem/sisdat prak/project mahaking kos/mahaking-kos/vendor/laravel/framework/src/Illuminate/Cookie/Middleware/EncryptCookies.php(74): Illuminate\\Pipeline\\Pipeline->{closure:{closure:Illuminate\\Pipeline\\Pipeline::carry():194}:195}(Object(Illuminate\\Http\\Request))
#19 /Users/kayla/Desktop/2nd sem/sisdat prak/project mahaking kos/mahaking-kos/vendor/laravel/framework/src/Illuminate/Pipeline/Pipeline.php(219): Illuminate\\Cookie\\Middleware\\EncryptCookies->handle(Object(Illuminate\\Http\\Request), Object(Closure))
#20 /Users/kayla/Desktop/2nd sem/sisdat prak/project mahaking kos/mahaking-kos/vendor/laravel/framework/src/Illuminate/Pipeline/Pipeline.php(137): Illuminate\\Pipeline\\Pipeline->{closure:{closure:Illuminate\\Pipeline\\Pipeline::carry():194}:195}(Object(Illuminate\\Http\\Request))
#21 /Users/kayla/Desktop/2nd sem/sisdat prak/project mahaking kos/mahaking-kos/vendor/laravel/framework/src/Illuminate/Routing/Router.php(821): Illuminate\\Pipeline\\Pipeline->then(Object(Closure))
#22 /Users/kayla/Desktop/2nd sem/sisdat prak/project mahaking kos/mahaking-kos/vendor/laravel/framework/src/Illuminate/Routing/Router.php(800): Illuminate\\Routing\\Router->runRouteWithinStack(Object(Illuminate\\Routing\\Route), Object(Illuminate\\Http\\Request))
#23 /Users/kayla/Desktop/2nd sem/sisdat prak/project mahaking kos/mahaking-kos/vendor/laravel/framework/src/Illuminate/Routing/Router.php(764): Illuminate\\Routing\\Router->runRoute(Object(Illuminate\\Http\\Request), Object(Illuminate\\Routing\\Route))
#24 /Users/kayla/Desktop/2nd sem/sisdat prak/project mahaking kos/mahaking-kos/vendor/laravel/framework/src/Illuminate/Routing/Router.php(753): Illuminate\\Routing\\Router->dispatchToRoute(Object(Illuminate\\Http\\Request))
#25 /Users/kayla/Desktop/2nd sem/sisdat prak/project mahaking kos/mahaking-kos/vendor/laravel/framework/src/Illuminate/Foundation/Http/Kernel.php(200): Illuminate\\Routing\\Router->dispatch(Object(Illuminate\\Http\\Request))
#26 /Users/kayla/Desktop/2nd sem/sisdat prak/project mahaking kos/mahaking-kos/vendor/laravel/framework/src/Illuminate/Pipeline/Pipeline.php(180): Illuminate\\Foundation\\Http\\Kernel->{closure:Illuminate\\Foundation\\Http\\Kernel::dispatchToRouter():197}(Object(Illuminate\\Http\\Request))
#27 /Users/kayla/Desktop/2nd sem/sisdat prak/project mahaking kos/mahaking-kos/vendor/laravel/framework/src/Illuminate/Foundation/Http/Middleware/TransformsRequest.php(21): Illuminate\\Pipeline\\Pipeline->{closure:Illuminate\\Pipeline\\Pipeline::prepareDestination():178}(Object(Illuminate\\Http\\Request))
#28 /Users/kayla/Desktop/2nd sem/sisdat prak/project mahaking kos/mahaking-kos/vendor/laravel/framework/src/Illuminate/Foundation/Http/Middleware/ConvertEmptyStringsToNull.php(31): Illuminate\\Foundation\\Http\\Middleware\\TransformsRequest->handle(Object(Illuminate\\Http\\Request), Object(Closure))
#29 /Users/kayla/Desktop/2nd sem/sisdat prak/project mahaking kos/mahaking-kos/vendor/laravel/framework/src/Illuminate/Pipeline/Pipeline.php(219): Illuminate\\Foundation\\Http\\Middleware\\ConvertEmptyStringsToNull->handle(Object(Illuminate\\Http\\Request), Object(Closure))
#30 /Users/kayla/Desktop/2nd sem/sisdat prak/project mahaking kos/mahaking-kos/vendor/laravel/framework/src/Illuminate/Foundation/Http/Middleware/TransformsRequest.php(21): Illuminate\\Pipeline\\Pipeline->{closure:{closure:Illuminate\\Pipeline\\Pipeline::carry():194}:195}(Object(Illuminate\\Http\\Request))
#31 /Users/kayla/Desktop/2nd sem/sisdat prak/project mahaking kos/mahaking-kos/vendor/laravel/framework/src/Illuminate/Foundation/Http/Middleware/TrimStrings.php(51): Illuminate\\Foundation\\Http\\Middleware\\TransformsRequest->handle(Object(Illuminate\\Http\\Request), Object(Closure))
#32 /Users/kayla/Desktop/2nd sem/sisdat prak/project mahaking kos/mahaking-kos/vendor/laravel/framework/src/Illuminate/Pipeline/Pipeline.php(219): Illuminate\\Foundation\\Http\\Middleware\\TrimStrings->handle(Object(Illuminate\\Http\\Request), Object(Closure))
#33 /Users/kayla/Desktop/2nd sem/sisdat prak/project mahaking kos/mahaking-kos/vendor/laravel/framework/src/Illuminate/Http/Middleware/ValidatePostSize.php(27): Illuminate\\Pipeline\\Pipeline->{closure:{closure:Illuminate\\Pipeline\\Pipeline::carry():194}:195}(Object(Illuminate\\Http\\Request))
#34 /Users/kayla/Desktop/2nd sem/sisdat prak/project mahaking kos/mahaking-kos/vendor/laravel/framework/src/Illuminate/Pipeline/Pipeline.php(219): Illuminate\\Http\\Middleware\\ValidatePostSize->handle(Object(Illuminate\\Http\\Request), Object(Closure))
#35 /Users/kayla/Desktop/2nd sem/sisdat prak/project mahaking kos/mahaking-kos/vendor/laravel/framework/src/Illuminate/Foundation/Http/Middleware/PreventRequestsDuringMaintenance.php(109): Illuminate\\Pipeline\\Pipeline->{closure:{closure:Illuminate\\Pipeline\\Pipeline::carry():194}:195}(Object(Illuminate\\Http\\Request))
#36 /Users/kayla/Desktop/2nd sem/sisdat prak/project mahaking kos/mahaking-kos/vendor/laravel/framework/src/Illuminate/Pipeline/Pipeline.php(219): Illuminate\\Foundation\\Http\\Middleware\\PreventRequestsDuringMaintenance->handle(Object(Illuminate\\Http\\Request), Object(Closure))
#37 /Users/kayla/Desktop/2nd sem/sisdat prak/project mahaking kos/mahaking-kos/vendor/laravel/framework/src/Illuminate/Http/Middleware/HandleCors.php(61): Illuminate\\Pipeline\\Pipeline->{closure:{closure:Illuminate\\Pipeline\\Pipeline::carry():194}:195}(Object(Illuminate\\Http\\Request))
#38 /Users/kayla/Desktop/2nd sem/sisdat prak/project mahaking kos/mahaking-kos/vendor/laravel/framework/src/Illuminate/Pipeline/Pipeline.php(219): Illuminate\\Http\\Middleware\\HandleCors->handle(Object(Illuminate\\Http\\Request), Object(Closure))
#39 /Users/kayla/Desktop/2nd sem/sisdat prak/project mahaking kos/mahaking-kos/vendor/laravel/framework/src/Illuminate/Http/Middleware/TrustProxies.php(58): Illuminate\\Pipeline\\Pipeline->{closure:{closure:Illuminate\\Pipeline\\Pipeline::carry():194}:195}(Object(Illuminate\\Http\\Request))
#40 /Users/kayla/Desktop/2nd sem/sisdat prak/project mahaking kos/mahaking-kos/vendor/laravel/framework/src/Illuminate/Pipeline/Pipeline.php(219): Illuminate\\Http\\Middleware\\TrustProxies->handle(Object(Illuminate\\Http\\Request), Object(Closure))
#41 /Users/kayla/Desktop/2nd sem/sisdat prak/project mahaking kos/mahaking-kos/vendor/laravel/framework/src/Illuminate/Foundation/Http/Middleware/InvokeDeferredCallbacks.php(22): Illuminate\\Pipeline\\Pipeline->{closure:{closure:Illuminate\\Pipeline\\Pipeline::carry():194}:195}(Object(Illuminate\\Http\\Request))
#42 /Users/kayla/Desktop/2nd sem/sisdat prak/project mahaking kos/mahaking-kos/vendor/laravel/framework/src/Illuminate/Pipeline/Pipeline.php(219): Illuminate\\Foundation\\Http\\Middleware\\InvokeDeferredCallbacks->handle(Object(Illuminate\\Http\\Request), Object(Closure))
#43 /Users/kayla/Desktop/2nd sem/sisdat prak/project mahaking kos/mahaking-kos/vendor/laravel/framework/src/Illuminate/Http/Middleware/ValidatePathEncoding.php(28): Illuminate\\Pipeline\\Pipeline->{closure:{closure:Illuminate\\Pipeline\\Pipeline::carry():194}:195}(Object(Illuminate\\Http\\Request))
#44 /Users/kayla/Desktop/2nd sem/sisdat prak/project mahaking kos/mahaking-kos/vendor/laravel/framework/src/Illuminate/Pipeline/Pipeline.php(219): Illuminate\\Http\\Middleware\\ValidatePathEncoding->handle(Object(Illuminate\\Http\\Request), Object(Closure))
#45 /Users/kayla/Desktop/2nd sem/sisdat prak/project mahaking kos/mahaking-kos/vendor/laravel/framework/src/Illuminate/Pipeline/Pipeline.php(137): Illuminate\\Pipeline\\Pipeline->{closure:{closure:Illuminate\\Pipeline\\Pipeline::carry():194}:195}(Object(Illuminate\\Http\\Request))
#46 /Users/kayla/Desktop/2nd sem/sisdat prak/project mahaking kos/mahaking-kos/vendor/laravel/framework/src/Illuminate/Foundation/Http/Kernel.php(175): Illuminate\\Pipeline\\Pipeline->then(Object(Closure))
#47 /Users/kayla/Desktop/2nd sem/sisdat prak/project mahaking kos/mahaking-kos/vendor/laravel/framework/src/Illuminate/Foundation/Http/Kernel.php(144): Illuminate\\Foundation\\Http\\Kernel->sendRequestThroughRouter(Object(Illuminate\\Http\\Request))
#48 /Users/kayla/Desktop/2nd sem/sisdat prak/project mahaking kos/mahaking-kos/vendor/laravel/framework/src/Illuminate/Foundation/Application.php(1220): Illuminate\\Foundation\\Http\\Kernel->handle(Object(Illuminate\\Http\\Request))
#49 /Users/kayla/Desktop/2nd sem/sisdat prak/project mahaking kos/mahaking-kos/public/index.php(20): Illuminate\\Foundation\\Application->handleRequest(Object(Illuminate\\Http\\Request))
#50 /Users/kayla/Desktop/2nd sem/sisdat prak/project mahaking kos/mahaking-kos/vendor/laravel/framework/src/Illuminate/Foundation/resources/server.php(23): require_once('/Users/kayla/De...')
#51 {main}

[previous exception] [object] (PDOException(code: 42S02): SQLSTATE[42S02]: Base table or view not found: 1146 Table 'mahaking_kos.sessions' doesn't exist at /Users/kayla/Desktop/2nd sem/sisdat prak/project mahaking kos/mahaking-kos/vendor/laravel/framework/src/Illuminate/Database/Connection.php:421)
[stacktrace]
#0 /Users/kayla/Desktop/2nd sem/sisdat prak/project mahaking kos/mahaking-kos/vendor/laravel/framework/src/Illuminate/Database/Connection.php(421): PDO->prepare('select * from `...')
#1 /Users/kayla/Desktop/2nd sem/sisdat prak/project mahaking kos/mahaking-kos/vendor/laravel/framework/src/Illuminate/Database/Connection.php(830): Illuminate\\Database\\Connection->{closure:Illuminate\\Database\\Connection::select():412}('select * from `...', Array)
#2 /Users/kayla/Desktop/2nd sem/sisdat prak/project mahaking kos/mahaking-kos/vendor/laravel/framework/src/Illuminate/Database/Connection.php(797): Illuminate\\Database\\Connection->runQueryCallback('select * from `...', Array, Object(Closure))
#3 /Users/kayla/Desktop/2nd sem/sisdat prak/project mahaking kos/mahaking-kos/vendor/laravel/framework/src/Illuminate/Database/Connection.php(412): Illuminate\\Database\\Connection->run('select * from `...', Array, Object(Closure))
#4 /Users/kayla/Desktop/2nd sem/sisdat prak/project mahaking kos/mahaking-kos/vendor/laravel/framework/src/Illuminate/Database/Query/Builder.php(3567): Illuminate\\Database\\Connection->select('select * from `...', Array, false, Array)
#5 /Users/kayla/Desktop/2nd sem/sisdat prak/project mahaking kos/mahaking-kos/vendor/laravel/framework/src/Illuminate/Database/Query/Builder.php(3551): Illuminate\\Database\\Query\\Builder->runSelect()
#6 /Users/kayla/Desktop/2nd sem/sisdat prak/project mahaking kos/mahaking-kos/vendor/laravel/framework/src/Illuminate/Database/Concerns/BuildsQueries.php(366): Illuminate\\Database\\Query\\Builder->get(Array)
#7 /Users/kayla/Desktop/2nd sem/sisdat prak/project mahaking kos/mahaking-kos/vendor/laravel/framework/src/Illuminate/Database/Query/Builder.php(3469): Illuminate\\Database\\Query\\Builder->first(Array)
#8 /Users/kayla/Desktop/2nd sem/sisdat prak/project mahaking kos/mahaking-kos/vendor/laravel/framework/src/Illuminate/Session/DatabaseSessionHandler.php(96): Illuminate\\Database\\Query\\Builder->find('x3XEGkRJps4PbXa...')
#9 /Users/kayla/Desktop/2nd sem/sisdat prak/project mahaking kos/mahaking-kos/vendor/laravel/framework/src/Illuminate/Session/Store.php(128): Illuminate\\Session\\DatabaseSessionHandler->read('x3XEGkRJps4PbXa...')
#10 /Users/kayla/Desktop/2nd sem/sisdat prak/project mahaking kos/mahaking-kos/vendor/laravel/framework/src/Illuminate/Session/Store.php(116): Illuminate\\Session\\Store->readFromHandler()
#11 /Users/kayla/Desktop/2nd sem/sisdat prak/project mahaking kos/mahaking-kos/vendor/laravel/framework/src/Illuminate/Session/Store.php(100): Illuminate\\Session\\Store->loadSession()
#12 /Users/kayla/Desktop/2nd sem/sisdat prak/project mahaking kos/mahaking-kos/vendor/laravel/framework/src/Illuminate/Session/Middleware/StartSession.php(146): Illuminate\\Session\\Store->start()
#13 /Users/kayla/Desktop/2nd sem/sisdat prak/project mahaking kos/mahaking-kos/vendor/laravel/framework/src/Illuminate/Support/helpers.php(393): Illuminate\\Session\\Middleware\\StartSession->{closure:Illuminate\\Session\\Middleware\\StartSession::startSession():143}(Object(Illuminate\\Session\\Store))
#14 /Users/kayla/Desktop/2nd sem/sisdat prak/project mahaking kos/mahaking-kos/vendor/laravel/framework/src/Illuminate/Session/Middleware/StartSession.php(143): tap(Object(Illuminate\\Session\\Store), Object(Closure))
#15 /Users/kayla/Desktop/2nd sem/sisdat prak/project mahaking kos/mahaking-kos/vendor/laravel/framework/src/Illuminate/Session/Middleware/StartSession.php(115): Illuminate\\Session\\Middleware\\StartSession->startSession(Object(Illuminate\\Http\\Request), Object(Illuminate\\Session\\Store))
#16 /Users/kayla/Desktop/2nd sem/sisdat prak/project mahaking kos/mahaking-kos/vendor/laravel/framework/src/Illuminate/Session/Middleware/StartSession.php(63): Illuminate\\Session\\Middleware\\StartSession->handleStatefulRequest(Object(Illuminate\\Http\\Request), Object(Illuminate\\Session\\Store), Object(Closure))
#17 /Users/kayla/Desktop/2nd sem/sisdat prak/project mahaking kos/mahaking-kos/vendor/laravel/framework/src/Illuminate/Pipeline/Pipeline.php(219): Illuminate\\Session\\Middleware\\StartSession->handle(Object(Illuminate\\Http\\Request), Object(Closure))
#18 /Users/kayla/Desktop/2nd sem/sisdat prak/project mahaking kos/mahaking-kos/vendor/laravel/framework/src/Illuminate/Cookie/Middleware/AddQueuedCookiesToResponse.php(36): Illuminate\\Pipeline\\Pipeline->{closure:{closure:Illuminate\\Pipeline\\Pipeline::carry():194}:195}(Object(Illuminate\\Http\\Request))
#19 /Users/kayla/Desktop/2nd sem/sisdat prak/project mahaking kos/mahaking-kos/vendor/laravel/framework/src/Illuminate/Pipeline/Pipeline.php(219): Illuminate\\Cookie\\Middleware\\AddQueuedCookiesToResponse->handle(Object(Illuminate\\Http\\Request), Object(Closure))
#20 /Users/kayla/Desktop/2nd sem/sisdat prak/project mahaking kos/mahaking-kos/vendor/laravel/framework/src/Illuminate/Cookie/Middleware/EncryptCookies.php(74): Illuminate\\Pipeline\\Pipeline->{closure:{closure:Illuminate\\Pipeline\\Pipeline::carry():194}:195}(Object(Illuminate\\Http\\Request))
#21 /Users/kayla/Desktop/2nd sem/sisdat prak/project mahaking kos/mahaking-kos/vendor/laravel/framework/src/Illuminate/Pipeline/Pipeline.php(219): Illuminate\\Cookie\\Middleware\\EncryptCookies->handle(Object(Illuminate\\Http\\Request), Object(Closure))
#22 /Users/kayla/Desktop/2nd sem/sisdat prak/project mahaking kos/mahaking-kos/vendor/laravel/framework/src/Illuminate/Pipeline/Pipeline.php(137): Illuminate\\Pipeline\\Pipeline->{closure:{closure:Illuminate\\Pipeline\\Pipeline::carry():194}:195}(Object(Illuminate\\Http\\Request))
#23 /Users/kayla/Desktop/2nd sem/sisdat prak/project mahaking kos/mahaking-kos/vendor/laravel/framework/src/Illuminate/Routing/Router.php(821): Illuminate\\Pipeline\\Pipeline->then(Object(Closure))
#24 /Users/kayla/Desktop/2nd sem/sisdat prak/project mahaking kos/mahaking-kos/vendor/laravel/framework/src/Illuminate/Routing/Router.php(800): Illuminate\\Routing\\Router->runRouteWithinStack(Object(Illuminate\\Routing\\Route), Object(Illuminate\\Http\\Request))
#25 /Users/kayla/Desktop/2nd sem/sisdat prak/project mahaking kos/mahaking-kos/vendor/laravel/framework/src/Illuminate/Routing/Router.php(764): Illuminate\\Routing\\Router->runRoute(Object(Illuminate\\Http\\Request), Object(Illuminate\\Routing\\Route))
#26 /Users/kayla/Desktop/2nd sem/sisdat prak/project mahaking kos/mahaking-kos/vendor/laravel/framework/src/Illuminate/Routing/Router.php(753): Illuminate\\Routing\\Router->dispatchToRoute(Object(Illuminate\\Http\\Request))
#27 /Users/kayla/Desktop/2nd sem/sisdat prak/project mahaking kos/mahaking-kos/vendor/laravel/framework/src/Illuminate/Foundation/Http/Kernel.php(200): Illuminate\\Routing\\Router->dispatch(Object(Illuminate\\Http\\Request))
#28 /Users/kayla/Desktop/2nd sem/sisdat prak/project mahaking kos/mahaking-kos/vendor/laravel/framework/src/Illuminate/Pipeline/Pipeline.php(180): Illuminate\\Foundation\\Http\\Kernel->{closure:Illuminate\\Foundation\\Http\\Kernel::dispatchToRouter():197}(Object(Illuminate\\Http\\Request))
#29 /Users/kayla/Desktop/2nd sem/sisdat prak/project mahaking kos/mahaking-kos/vendor/laravel/framework/src/Illuminate/Foundation/Http/Middleware/TransformsRequest.php(21): Illuminate\\Pipeline\\Pipeline->{closure:Illuminate\\Pipeline\\Pipeline::prepareDestination():178}(Object(Illuminate\\Http\\Request))
#30 /Users/kayla/Desktop/2nd sem/sisdat prak/project mahaking kos/mahaking-kos/vendor/laravel/framework/src/Illuminate/Foundation/Http/Middleware/ConvertEmptyStringsToNull.php(31): Illuminate\\Foundation\\Http\\Middleware\\TransformsRequest->handle(Object(Illuminate\\Http\\Request), Object(Closure))
#31 /Users/kayla/Desktop/2nd sem/sisdat prak/project mahaking kos/mahaking-kos/vendor/laravel/framework/src/Illuminate/Pipeline/Pipeline.php(219): Illuminate\\Foundation\\Http\\Middleware\\ConvertEmptyStringsToNull->handle(Object(Illuminate\\Http\\Request), Object(Closure))
#32 /Users/kayla/Desktop/2nd sem/sisdat prak/project mahaking kos/mahaking-kos/vendor/laravel/framework/src/Illuminate/Foundation/Http/Middleware/TransformsRequest.php(21): Illuminate\\Pipeline\\Pipeline->{closure:{closure:Illuminate\\Pipeline\\Pipeline::carry():194}:195}(Object(Illuminate\\Http\\Request))
#33 /Users/kayla/Desktop/2nd sem/sisdat prak/project mahaking kos/mahaking-kos/vendor/laravel/framework/src/Illuminate/Foundation/Http/Middleware/TrimStrings.php(51): Illuminate\\Foundation\\Http\\Middleware\\TransformsRequest->handle(Object(Illuminate\\Http\\Request), Object(Closure))
#34 /Users/kayla/Desktop/2nd sem/sisdat prak/project mahaking kos/mahaking-kos/vendor/laravel/framework/src/Illuminate/Pipeline/Pipeline.php(219): Illuminate\\Foundation\\Http\\Middleware\\TrimStrings->handle(Object(Illuminate\\Http\\Request), Object(Closure))
#35 /Users/kayla/Desktop/2nd sem/sisdat prak/project mahaking kos/mahaking-kos/vendor/laravel/framework/src/Illuminate/Http/Middleware/ValidatePostSize.php(27): Illuminate\\Pipeline\\Pipeline->{closure:{closure:Illuminate\\Pipeline\\Pipeline::carry():194}:195}(Object(Illuminate\\Http\\Request))
#36 /Users/kayla/Desktop/2nd sem/sisdat prak/project mahaking kos/mahaking-kos/vendor/laravel/framework/src/Illuminate/Pipeline/Pipeline.php(219): Illuminate\\Http\\Middleware\\ValidatePostSize->handle(Object(Illuminate\\Http\\Request), Object(Closure))
#37 /Users/kayla/Desktop/2nd sem/sisdat prak/project mahaking kos/mahaking-kos/vendor/laravel/framework/src/Illuminate/Foundation/Http/Middleware/PreventRequestsDuringMaintenance.php(109): Illuminate\\Pipeline\\Pipeline->{closure:{closure:Illuminate\\Pipeline\\Pipeline::carry():194}:195}(Object(Illuminate\\Http\\Request))
#38 /Users/kayla/Desktop/2nd sem/sisdat prak/project mahaking kos/mahaking-kos/vendor/laravel/framework/src/Illuminate/Pipeline/Pipeline.php(219): Illuminate\\Foundation\\Http\\Middleware\\PreventRequestsDuringMaintenance->handle(Object(Illuminate\\Http\\Request), Object(Closure))
#39 /Users/kayla/Desktop/2nd sem/sisdat prak/project mahaking kos/mahaking-kos/vendor/laravel/framework/src/Illuminate/Http/Middleware/HandleCors.php(61): Illuminate\\Pipeline\\Pipeline->{closure:{closure:Illuminate\\Pipeline\\Pipeline::carry():194}:195}(Object(Illuminate\\Http\\Request))
#40 /Users/kayla/Desktop/2nd sem/sisdat prak/project mahaking kos/mahaking-kos/vendor/laravel/framework/src/Illuminate/Pipeline/Pipeline.php(219): Illuminate\\Http\\Middleware\\HandleCors->handle(Object(Illuminate\\Http\\Request), Object(Closure))
#41 /Users/kayla/Desktop/2nd sem/sisdat prak/project mahaking kos/mahaking-kos/vendor/laravel/framework/src/Illuminate/Http/Middleware/TrustProxies.php(58): Illuminate\\Pipeline\\Pipeline->{closure:{closure:Illuminate\\Pipeline\\Pipeline::carry():194}:195}(Object(Illuminate\\Http\\Request))
#42 /Users/kayla/Desktop/2nd sem/sisdat prak/project mahaking kos/mahaking-kos/vendor/laravel/framework/src/Illuminate/Pipeline/Pipeline.php(219): Illuminate\\Http\\Middleware\\TrustProxies->handle(Object(Illuminate\\Http\\Request), Object(Closure))
#43 /Users/kayla/Desktop/2nd sem/sisdat prak/project mahaking kos/mahaking-kos/vendor/laravel/framework/src/Illuminate/Foundation/Http/Middleware/InvokeDeferredCallbacks.php(22): Illuminate\\Pipeline\\Pipeline->{closure:{closure:Illuminate\\Pipeline\\Pipeline::carry():194}:195}(Object(Illuminate\\Http\\Request))
#44 /Users/kayla/Desktop/2nd sem/sisdat prak/project mahaking kos/mahaking-kos/vendor/laravel/framework/src/Illuminate/Pipeline/Pipeline.php(219): Illuminate\\Foundation\\Http\\Middleware\\InvokeDeferredCallbacks->handle(Object(Illuminate\\Http\\Request), Object(Closure))
#45 /Users/kayla/Desktop/2nd sem/sisdat prak/project mahaking kos/mahaking-kos/vendor/laravel/framework/src/Illuminate/Http/Middleware/ValidatePathEncoding.php(28): Illuminate\\Pipeline\\Pipeline->{closure:{closure:Illuminate\\Pipeline\\Pipeline::carry():194}:195}(Object(Illuminate\\Http\\Request))
#46 /Users/kayla/Desktop/2nd sem/sisdat prak/project mahaking kos/mahaking-kos/vendor/laravel/framework/src/Illuminate/Pipeline/Pipeline.php(219): Illuminate\\Http\\Middleware\\ValidatePathEncoding->handle(Object(Illuminate\\Http\\Request), Object(Closure))
#47 /Users/kayla/Desktop/2nd sem/sisdat prak/project mahaking kos/mahaking-kos/vendor/laravel/framework/src/Illuminate/Pipeline/Pipeline.php(137): Illuminate\\Pipeline\\Pipeline->{closure:{closure:Illuminate\\Pipeline\\Pipeline::carry():194}:195}(Object(Illuminate\\Http\\Request))
#48 /Users/kayla/Desktop/2nd sem/sisdat prak/project mahaking kos/mahaking-kos/vendor/laravel/framework/src/Illuminate/Foundation/Http/Kernel.php(175): Illuminate\\Pipeline\\Pipeline->then(Object(Closure))
#49 /Users/kayla/Desktop/2nd sem/sisdat prak/project mahaking kos/mahaking-kos/vendor/laravel/framework/src/Illuminate/Foundation/Http/Kernel.php(144): Illuminate\\Foundation\\Http\\Kernel->sendRequestThroughRouter(Object(Illuminate\\Http\\Request))
#50 /Users/kayla/Desktop/2nd sem/sisdat prak/project mahaking kos/mahaking-kos/vendor/laravel/framework/src/Illuminate/Foundation/Application.php(1220): Illuminate\\Foundation\\Http\\Kernel->handle(Object(Illuminate\\Http\\Request))
#51 /Users/kayla/Desktop/2nd sem/sisdat prak/project mahaking kos/mahaking-kos/public/index.php(20): Illuminate\\Foundation\\Application->handleRequest(Object(Illuminate\\Http\\Request))
#52 /Users/kayla/Desktop/2nd sem/sisdat prak/project mahaking kos/mahaking-kos/vendor/laravel/framework/src/Illuminate/Foundation/resources/server.php(23): require_once('/Users/kayla/De...')
#53 {main}
"} 
[2026-05-26 14:09:58] local.ERROR: SQLSTATE[42S02]: Base table or view not found: 1146 Table 'mahaking_kos.sessions' doesn't exist (Connection: mysql, Host: 127.0.0.1, Port: 8889, Database: mahaking_kos, SQL: select * from `sessions` where `id` = KH6kqGyvVQZgqE4woDXgSZ77LGoKKPObOlWMWqei limit 1) {"exception":"[object] (Illuminate\\Database\\QueryException(code: 42S02): SQLSTATE[42S02]: Base table or view not found: 1146 Table 'mahaking_kos.sessions' doesn't exist (Connection: mysql, Host: 127.0.0.1, Port: 8889, Database: mahaking_kos, SQL: select * from `sessions` where `id` = KH6kqGyvVQZgqE4woDXgSZ77LGoKKPObOlWMWqei limit 1) at /Users/kayla/Desktop/2nd sem/sisdat prak/project mahaking kos/mahaking-kos/vendor/laravel/framework/src/Illuminate/Database/Connection.php:841)
[stacktrace]
#0 /Users/kayla/Desktop/2nd sem/sisdat prak/project mahaking kos/mahaking-kos/vendor/laravel/framework/src/Illuminate/Database/Connection.php(797): Illuminate\\Database\\Connection->runQueryCallback('select * from `...', Array, Object(Closure))
#1 /Users/kayla/Desktop/2nd sem/sisdat prak/project mahaking kos/mahaking-kos/vendor/laravel/framework/src/Illuminate/Database/Connection.php(412): Illuminate\\Database\\Connection->run('select * from `...', Array, Object(Closure))
#2 /Users/kayla/Desktop/2nd sem/sisdat prak/project mahaking kos/mahaking-kos/vendor/laravel/framework/src/Illuminate/Database/Query/Builder.php(3567): Illuminate\\Database\\Connection->select('select * from `...', Array, false, Array)
#3 /Users/kayla/Desktop/2nd sem/sisdat prak/project mahaking kos/mahaking-kos/vendor/laravel/framework/src/Illuminate/Database/Query/Builder.php(3551): Illuminate\\Database\\Query\\Builder->runSelect()
#4 /Users/kayla/Desktop/2nd sem/sisdat prak/project mahaking kos/mahaking-kos/vendor/laravel/framework/src/Illuminate/Database/Concerns/BuildsQueries.php(366): Illuminate\\Database\\Query\\Builder->get(Array)
#5 /Users/kayla/Desktop/2nd sem/sisdat prak/project mahaking kos/mahaking-kos/vendor/laravel/framework/src/Illuminate/Database/Query/Builder.php(3469): Illuminate\\Database\\Query\\Builder->first(Array)
#6 /Users/kayla/Desktop/2nd sem/sisdat prak/project mahaking kos/mahaking-kos/vendor/laravel/framework/src/Illuminate/Session/DatabaseSessionHandler.php(96): Illuminate\\Database\\Query\\Builder->find('KH6kqGyvVQZgqE4...')
#7 /Users/kayla/Desktop/2nd sem/sisdat prak/project mahaking kos/mahaking-kos/vendor/laravel/framework/src/Illuminate/Session/Store.php(128): Illuminate\\Session\\DatabaseSessionHandler->read('KH6kqGyvVQZgqE4...')
#8 /Users/kayla/Desktop/2nd sem/sisdat prak/project mahaking kos/mahaking-kos/vendor/laravel/framework/src/Illuminate/Session/Store.php(116): Illuminate\\Session\\Store->readFromHandler()
#9 /Users/kayla/Desktop/2nd sem/sisdat prak/project mahaking kos/mahaking-kos/vendor/laravel/framework/src/Illuminate/Session/Store.php(100): Illuminate\\Session\\Store->loadSession()
#10 /Users/kayla/Desktop/2nd sem/sisdat prak/project mahaking kos/mahaking-kos/vendor/laravel/framework/src/Illuminate/Session/Middleware/StartSession.php(146): Illuminate\\Session\\Store->start()
#11 /Users/kayla/Desktop/2nd sem/sisdat prak/project mahaking kos/mahaking-kos/vendor/laravel/framework/src/Illuminate/Support/helpers.php(393): Illuminate\\Session\\Middleware\\StartSession->{closure:Illuminate\\Session\\Middleware\\StartSession::startSession():143}(Object(Illuminate\\Session\\Store))
#12 /Users/kayla/Desktop/2nd sem/sisdat prak/project mahaking kos/mahaking-kos/vendor/laravel/framework/src/Illuminate/Session/Middleware/StartSession.php(143): tap(Object(Illuminate\\Session\\Store), Object(Closure))
#13 /Users/kayla/Desktop/2nd sem/sisdat prak/project mahaking kos/mahaking-kos/vendor/laravel/framework/src/Illuminate/Session/Middleware/StartSession.php(115): Illuminate\\Session\\Middleware\\StartSession->startSession(Object(Illuminate\\Http\\Request), Object(Illuminate\\Session\\Store))
#14 /Users/kayla/Desktop/2nd sem/sisdat prak/project mahaking kos/mahaking-kos/vendor/laravel/framework/src/Illuminate/Session/Middleware/StartSession.php(63): Illuminate\\Session\\Middleware\\StartSession->handleStatefulRequest(Object(Illuminate\\Http\\Request), Object(Illuminate\\Session\\Store), Object(Closure))
#15 /Users/kayla/Desktop/2nd sem/sisdat prak/project mahaking kos/mahaking-kos/vendor/laravel/framework/src/Illuminate/Pipeline/Pipeline.php(219): Illuminate\\Session\\Middleware\\StartSession->handle(Object(Illuminate\\Http\\Request), Object(Closure))
#16 /Users/kayla/Desktop/2nd sem/sisdat prak/project mahaking kos/mahaking-kos/vendor/laravel/framework/src/Illuminate/Cookie/Middleware/AddQueuedCookiesToResponse.php(36): Illuminate\\Pipeline\\Pipeline->{closure:{closure:Illuminate\\Pipeline\\Pipeline::carry():194}:195}(Object(Illuminate\\Http\\Request))
#17 /Users/kayla/Desktop/2nd sem/sisdat prak/project mahaking kos/mahaking-kos/vendor/laravel/framework/src/Illuminate/Pipeline/Pipeline.php(219): Illuminate\\Cookie\\Middleware\\AddQueuedCookiesToResponse->handle(Object(Illuminate\\Http\\Request), Object(Closure))
#18 /Users/kayla/Desktop/2nd sem/sisdat prak/project mahaking kos/mahaking-kos/vendor/laravel/framework/src/Illuminate/Cookie/Middleware/EncryptCookies.php(74): Illuminate\\Pipeline\\Pipeline->{closure:{closure:Illuminate\\Pipeline\\Pipeline::carry():194}:195}(Object(Illuminate\\Http\\Request))
#19 /Users/kayla/Desktop/2nd sem/sisdat prak/project mahaking kos/mahaking-kos/vendor/laravel/framework/src/Illuminate/Pipeline/Pipeline.php(219): Illuminate\\Cookie\\Middleware\\EncryptCookies->handle(Object(Illuminate\\Http\\Request), Object(Closure))
#20 /Users/kayla/Desktop/2nd sem/sisdat prak/project mahaking kos/mahaking-kos/vendor/laravel/framework/src/Illuminate/Pipeline/Pipeline.php(137): Illuminate\\Pipeline\\Pipeline->{closure:{closure:Illuminate\\Pipeline\\Pipeline::carry():194}:195}(Object(Illuminate\\Http\\Request))
#21 /Users/kayla/Desktop/2nd sem/sisdat prak/project mahaking kos/mahaking-kos/vendor/laravel/framework/src/Illuminate/Routing/Router.php(821): Illuminate\\Pipeline\\Pipeline->then(Object(Closure))
#22 /Users/kayla/Desktop/2nd sem/sisdat prak/project mahaking kos/mahaking-kos/vendor/laravel/framework/src/Illuminate/Routing/Router.php(800): Illuminate\\Routing\\Router->runRouteWithinStack(Object(Illuminate\\Routing\\Route), Object(Illuminate\\Http\\Request))
#23 /Users/kayla/Desktop/2nd sem/sisdat prak/project mahaking kos/mahaking-kos/vendor/laravel/framework/src/Illuminate/Routing/Router.php(764): Illuminate\\Routing\\Router->runRoute(Object(Illuminate\\Http\\Request), Object(Illuminate\\Routing\\Route))
#24 /Users/kayla/Desktop/2nd sem/sisdat prak/project mahaking kos/mahaking-kos/vendor/laravel/framework/src/Illuminate/Routing/Router.php(753): Illuminate\\Routing\\Router->dispatchToRoute(Object(Illuminate\\Http\\Request))
#25 /Users/kayla/Desktop/2nd sem/sisdat prak/project mahaking kos/mahaking-kos/vendor/laravel/framework/src/Illuminate/Foundation/Http/Kernel.php(200): Illuminate\\Routing\\Router->dispatch(Object(Illuminate\\Http\\Request))
#26 /Users/kayla/Desktop/2nd sem/sisdat prak/project mahaking kos/mahaking-kos/vendor/laravel/framework/src/Illuminate/Pipeline/Pipeline.php(180): Illuminate\\Foundation\\Http\\Kernel->{closure:Illuminate\\Foundation\\Http\\Kernel::dispatchToRouter():197}(Object(Illuminate\\Http\\Request))
#27 /Users/kayla/Desktop/2nd sem/sisdat prak/project mahaking kos/mahaking-kos/vendor/laravel/framework/src/Illuminate/Foundation/Http/Middleware/TransformsRequest.php(21): Illuminate\\Pipeline\\Pipeline->{closure:Illuminate\\Pipeline\\Pipeline::prepareDestination():178}(Object(Illuminate\\Http\\Request))
#28 /Users/kayla/Desktop/2nd sem/sisdat prak/project mahaking kos/mahaking-kos/vendor/laravel/framework/src/Illuminate/Foundation/Http/Middleware/ConvertEmptyStringsToNull.php(31): Illuminate\\Foundation\\Http\\Middleware\\TransformsRequest->handle(Object(Illuminate\\Http\\Request), Object(Closure))
#29 /Users/kayla/Desktop/2nd sem/sisdat prak/project mahaking kos/mahaking-kos/vendor/laravel/framework/src/Illuminate/Pipeline/Pipeline.php(219): Illuminate\\Foundation\\Http\\Middleware\\ConvertEmptyStringsToNull->handle(Object(Illuminate\\Http\\Request), Object(Closure))
#30 /Users/kayla/Desktop/2nd sem/sisdat prak/project mahaking kos/mahaking-kos/vendor/laravel/framework/src/Illuminate/Foundation/Http/Middleware/TransformsRequest.php(21): Illuminate\\Pipeline\\Pipeline->{closure:{closure:Illuminate\\Pipeline\\Pipeline::carry():194}:195}(Object(Illuminate\\Http\\Request))
#31 /Users/kayla/Desktop/2nd sem/sisdat prak/project mahaking kos/mahaking-kos/vendor/laravel/framework/src/Illuminate/Foundation/Http/Middleware/TrimStrings.php(51): Illuminate\\Foundation\\Http\\Middleware\\TransformsRequest->handle(Object(Illuminate\\Http\\Request), Object(Closure))
#32 /Users/kayla/Desktop/2nd sem/sisdat prak/project mahaking kos/mahaking-kos/vendor/laravel/framework/src/Illuminate/Pipeline/Pipeline.php(219): Illuminate\\Foundation\\Http\\Middleware\\TrimStrings->handle(Object(Illuminate\\Http\\Request), Object(Closure))
#33 /Users/kayla/Desktop/2nd sem/sisdat prak/project mahaking kos/mahaking-kos/vendor/laravel/framework/src/Illuminate/Http/Middleware/ValidatePostSize.php(27): Illuminate\\Pipeline\\Pipeline->{closure:{closure:Illuminate\\Pipeline\\Pipeline::carry():194}:195}(Object(Illuminate\\Http\\Request))
#34 /Users/kayla/Desktop/2nd sem/sisdat prak/project mahaking kos/mahaking-kos/vendor/laravel/framework/src/Illuminate/Pipeline/Pipeline.php(219): Illuminate\\Http\\Middleware\\ValidatePostSize->handle(Object(Illuminate\\Http\\Request), Object(Closure))
#35 /Users/kayla/Desktop/2nd sem/sisdat prak/project mahaking kos/mahaking-kos/vendor/laravel/framework/src/Illuminate/Foundation/Http/Middleware/PreventRequestsDuringMaintenance.php(109): Illuminate\\Pipeline\\Pipeline->{closure:{closure:Illuminate\\Pipeline\\Pipeline::carry():194}:195}(Object(Illuminate\\Http\\Request))
#36 /Users/kayla/Desktop/2nd sem/sisdat prak/project mahaking kos/mahaking-kos/vendor/laravel/framework/src/Illuminate/Pipeline/Pipeline.php(219): Illuminate\\Foundation\\Http\\Middleware\\PreventRequestsDuringMaintenance->handle(Object(Illuminate\\Http\\Request), Object(Closure))
#37 /Users/kayla/Desktop/2nd sem/sisdat prak/project mahaking kos/mahaking-kos/vendor/laravel/framework/src/Illuminate/Http/Middleware/HandleCors.php(61): Illuminate\\Pipeline\\Pipeline->{closure:{closure:Illuminate\\Pipeline\\Pipeline::carry():194}:195}(Object(Illuminate\\Http\\Request))
#38 /Users/kayla/Desktop/2nd sem/sisdat prak/project mahaking kos/mahaking-kos/vendor/laravel/framework/src/Illuminate/Pipeline/Pipeline.php(219): Illuminate\\Http\\Middleware\\HandleCors->handle(Object(Illuminate\\Http\\Request), Object(Closure))
#39 /Users/kayla/Desktop/2nd sem/sisdat prak/project mahaking kos/mahaking-kos/vendor/laravel/framework/src/Illuminate/Http/Middleware/TrustProxies.php(58): Illuminate\\Pipeline\\Pipeline->{closure:{closure:Illuminate\\Pipeline\\Pipeline::carry():194}:195}(Object(Illuminate\\Http\\Request))
#40 /Users/kayla/Desktop/2nd sem/sisdat prak/project mahaking kos/mahaking-kos/vendor/laravel/framework/src/Illuminate/Pipeline/Pipeline.php(219): Illuminate\\Http\\Middleware\\TrustProxies->handle(Object(Illuminate\\Http\\Request), Object(Closure))
#41 /Users/kayla/Desktop/2nd sem/sisdat prak/project mahaking kos/mahaking-kos/vendor/laravel/framework/src/Illuminate/Foundation/Http/Middleware/InvokeDeferredCallbacks.php(22): Illuminate\\Pipeline\\Pipeline->{closure:{closure:Illuminate\\Pipeline\\Pipeline::carry():194}:195}(Object(Illuminate\\Http\\Request))
#42 /Users/kayla/Desktop/2nd sem/sisdat prak/project mahaking kos/mahaking-kos/vendor/laravel/framework/src/Illuminate/Pipeline/Pipeline.php(219): Illuminate\\Foundation\\Http\\Middleware\\InvokeDeferredCallbacks->handle(Object(Illuminate\\Http\\Request), Object(Closure))
#43 /Users/kayla/Desktop/2nd sem/sisdat prak/project mahaking kos/mahaking-kos/vendor/laravel/framework/src/Illuminate/Http/Middleware/ValidatePathEncoding.php(28): Illuminate\\Pipeline\\Pipeline->{closure:{closure:Illuminate\\Pipeline\\Pipeline::carry():194}:195}(Object(Illuminate\\Http\\Request))
#44 /Users/kayla/Desktop/2nd sem/sisdat prak/project mahaking kos/mahaking-kos/vendor/laravel/framework/src/Illuminate/Pipeline/Pipeline.php(219): Illuminate\\Http\\Middleware\\ValidatePathEncoding->handle(Object(Illuminate\\Http\\Request), Object(Closure))
#45 /Users/kayla/Desktop/2nd sem/sisdat prak/project mahaking kos/mahaking-kos/vendor/laravel/framework/src/Illuminate/Pipeline/Pipeline.php(137): Illuminate\\Pipeline\\Pipeline->{closure:{closure:Illuminate\\Pipeline\\Pipeline::carry():194}:195}(Object(Illuminate\\Http\\Request))
#46 /Users/kayla/Desktop/2nd sem/sisdat prak/project mahaking kos/mahaking-kos/vendor/laravel/framework/src/Illuminate/Foundation/Http/Kernel.php(175): Illuminate\\Pipeline\\Pipeline->then(Object(Closure))
#47 /Users/kayla/Desktop/2nd sem/sisdat prak/project mahaking kos/mahaking-kos/vendor/laravel/framework/src/Illuminate/Foundation/Http/Kernel.php(144): Illuminate\\Foundation\\Http\\Kernel->sendRequestThroughRouter(Object(Illuminate\\Http\\Request))
#48 /Users/kayla/Desktop/2nd sem/sisdat prak/project mahaking kos/mahaking-kos/vendor/laravel/framework/src/Illuminate/Foundation/Application.php(1220): Illuminate\\Foundation\\Http\\Kernel->handle(Object(Illuminate\\Http\\Request))
#49 /Users/kayla/Desktop/2nd sem/sisdat prak/project mahaking kos/mahaking-kos/public/index.php(20): Illuminate\\Foundation\\Application->handleRequest(Object(Illuminate\\Http\\Request))
#50 /Users/kayla/Desktop/2nd sem/sisdat prak/project mahaking kos/mahaking-kos/vendor/laravel/framework/src/Illuminate/Foundation/resources/server.php(23): require_once('/Users/kayla/De...')
#51 {main}

[previous exception] [object] (PDOException(code: 42S02): SQLSTATE[42S02]: Base table or view not found: 1146 Table 'mahaking_kos.sessions' doesn't exist at /Users/kayla/Desktop/2nd sem/sisdat prak/project mahaking kos/mahaking-kos/vendor/laravel/framework/src/Illuminate/Database/Connection.php:421)
[stacktrace]
#0 /Users/kayla/Desktop/2nd sem/sisdat prak/project mahaking kos/mahaking-kos/vendor/laravel/framework/src/Illuminate/Database/Connection.php(421): PDO->prepare('select * from `...')
#1 /Users/kayla/Desktop/2nd sem/sisdat prak/project mahaking kos/mahaking-kos/vendor/laravel/framework/src/Illuminate/Database/Connection.php(830): Illuminate\\Database\\Connection->{closure:Illuminate\\Database\\Connection::select():412}('select * from `...', Array)
#2 /Users/kayla/Desktop/2nd sem/sisdat prak/project mahaking kos/mahaking-kos/vendor/laravel/framework/src/Illuminate/Database/Connection.php(797): Illuminate\\Database\\Connection->runQueryCallback('select * from `...', Array, Object(Closure))
#3 /Users/kayla/Desktop/2nd sem/sisdat prak/project mahaking kos/mahaking-kos/vendor/laravel/framework/src/Illuminate/Database/Connection.php(412): Illuminate\\Database\\Connection->run('select * from `...', Array, Object(Closure))
#4 /Users/kayla/Desktop/2nd sem/sisdat prak/project mahaking kos/mahaking-kos/vendor/laravel/framework/src/Illuminate/Database/Query/Builder.php(3567): Illuminate\\Database\\Connection->select('select * from `...', Array, false, Array)
#5 /Users/kayla/Desktop/2nd sem/sisdat prak/project mahaking kos/mahaking-kos/vendor/laravel/framework/src/Illuminate/Database/Query/Builder.php(3551): Illuminate\\Database\\Query\\Builder->runSelect()
#6 /Users/kayla/Desktop/2nd sem/sisdat prak/project mahaking kos/mahaking-kos/vendor/laravel/framework/src/Illuminate/Database/Concerns/BuildsQueries.php(366): Illuminate\\Database\\Query\\Builder->get(Array)
#7 /Users/kayla/Desktop/2nd sem/sisdat prak/project mahaking kos/mahaking-kos/vendor/laravel/framework/src/Illuminate/Database/Query/Builder.php(3469): Illuminate\\Database\\Query\\Builder->first(Array)
#8 /Users/kayla/Desktop/2nd sem/sisdat prak/project mahaking kos/mahaking-kos/vendor/laravel/framework/src/Illuminate/Session/DatabaseSessionHandler.php(96): Illuminate\\Database\\Query\\Builder->find('KH6kqGyvVQZgqE4...')
#9 /Users/kayla/Desktop/2nd sem/sisdat prak/project mahaking kos/mahaking-kos/vendor/laravel/framework/src/Illuminate/Session/Store.php(128): Illuminate\\Session\\DatabaseSessionHandler->read('KH6kqGyvVQZgqE4...')
#10 /Users/kayla/Desktop/2nd sem/sisdat prak/project mahaking kos/mahaking-kos/vendor/laravel/framework/src/Illuminate/Session/Store.php(116): Illuminate\\Session\\Store->readFromHandler()
#11 /Users/kayla/Desktop/2nd sem/sisdat prak/project mahaking kos/mahaking-kos/vendor/laravel/framework/src/Illuminate/Session/Store.php(100): Illuminate\\Session\\Store->loadSession()
#12 /Users/kayla/Desktop/2nd sem/sisdat prak/project mahaking kos/mahaking-kos/vendor/laravel/framework/src/Illuminate/Session/Middleware/StartSession.php(146): Illuminate\\Session\\Store->start()
#13 /Users/kayla/Desktop/2nd sem/sisdat prak/project mahaking kos/mahaking-kos/vendor/laravel/framework/src/Illuminate/Support/helpers.php(393): Illuminate\\Session\\Middleware\\StartSession->{closure:Illuminate\\Session\\Middleware\\StartSession::startSession():143}(Object(Illuminate\\Session\\Store))
#14 /Users/kayla/Desktop/2nd sem/sisdat prak/project mahaking kos/mahaking-kos/vendor/laravel/framework/src/Illuminate/Session/Middleware/StartSession.php(143): tap(Object(Illuminate\\Session\\Store), Object(Closure))
#15 /Users/kayla/Desktop/2nd sem/sisdat prak/project mahaking kos/mahaking-kos/vendor/laravel/framework/src/Illuminate/Session/Middleware/StartSession.php(115): Illuminate\\Session\\Middleware\\StartSession->startSession(Object(Illuminate\\Http\\Request), Object(Illuminate\\Session\\Store))
#16 /Users/kayla/Desktop/2nd sem/sisdat prak/project mahaking kos/mahaking-kos/vendor/laravel/framework/src/Illuminate/Session/Middleware/StartSession.php(63): Illuminate\\Session\\Middleware\\StartSession->handleStatefulRequest(Object(Illuminate\\Http\\Request), Object(Illuminate\\Session\\Store), Object(Closure))
#17 /Users/kayla/Desktop/2nd sem/sisdat prak/project mahaking kos/mahaking-kos/vendor/laravel/framework/src/Illuminate/Pipeline/Pipeline.php(219): Illuminate\\Session\\Middleware\\StartSession->handle(Object(Illuminate\\Http\\Request), Object(Closure))
#18 /Users/kayla/Desktop/2nd sem/sisdat prak/project mahaking kos/mahaking-kos/vendor/laravel/framework/src/Illuminate/Cookie/Middleware/AddQueuedCookiesToResponse.php(36): Illuminate\\Pipeline\\Pipeline->{closure:{closure:Illuminate\\Pipeline\\Pipeline::carry():194}:195}(Object(Illuminate\\Http\\Request))
#19 /Users/kayla/Desktop/2nd sem/sisdat prak/project mahaking kos/mahaking-kos/vendor/laravel/framework/src/Illuminate/Pipeline/Pipeline.php(219): Illuminate\\Cookie\\Middleware\\AddQueuedCookiesToResponse->handle(Object(Illuminate\\Http\\Request), Object(Closure))
#20 /Users/kayla/Desktop/2nd sem/sisdat prak/project mahaking kos/mahaking-kos/vendor/laravel/framework/src/Illuminate/Cookie/Middleware/EncryptCookies.php(74): Illuminate\\Pipeline\\Pipeline->{closure:{closure:Illuminate\\Pipeline\\Pipeline::carry():194}:195}(Object(Illuminate\\Http\\Request))
#21 /Users/kayla/Desktop/2nd sem/sisdat prak/project mahaking kos/mahaking-kos/vendor/laravel/framework/src/Illuminate/Pipeline/Pipeline.php(219): Illuminate\\Cookie\\Middleware\\EncryptCookies->handle(Object(Illuminate\\Http\\Request), Object(Closure))
#22 /Users/kayla/Desktop/2nd sem/sisdat prak/project mahaking kos/mahaking-kos/vendor/laravel/framework/src/Illuminate/Pipeline/Pipeline.php(137): Illuminate\\Pipeline\\Pipeline->{closure:{closure:Illuminate\\Pipeline\\Pipeline::carry():194}:195}(Object(Illuminate\\Http\\Request))
#23 /Users/kayla/Desktop/2nd sem/sisdat prak/project mahaking kos/mahaking-kos/vendor/laravel/framework/src/Illuminate/Routing/Router.php(821): Illuminate\\Pipeline\\Pipeline->then(Object(Closure))
#24 /Users/kayla/Desktop/2nd sem/sisdat prak/project mahaking kos/mahaking-kos/vendor/laravel/framework/src/Illuminate/Routing/Router.php(800): Illuminate\\Routing\\Router->runRouteWithinStack(Object(Illuminate\\Routing\\Route), Object(Illuminate\\Http\\Request))
#25 /Users/kayla/Desktop/2nd sem/sisdat prak/project mahaking kos/mahaking-kos/vendor/laravel/framework/src/Illuminate/Routing/Router.php(764): Illuminate\\Routing\\Router->runRoute(Object(Illuminate\\Http\\Request), Object(Illuminate\\Routing\\Route))
#26 /Users/kayla/Desktop/2nd sem/sisdat prak/project mahaking kos/mahaking-kos/vendor/laravel/framework/src/Illuminate/Routing/Router.php(753): Illuminate\\Routing\\Router->dispatchToRoute(Object(Illuminate\\Http\\Request))
#27 /Users/kayla/Desktop/2nd sem/sisdat prak/project mahaking kos/mahaking-kos/vendor/laravel/framework/src/Illuminate/Foundation/Http/Kernel.php(200): Illuminate\\Routing\\Router->dispatch(Object(Illuminate\\Http\\Request))
#28 /Users/kayla/Desktop/2nd sem/sisdat prak/project mahaking kos/mahaking-kos/vendor/laravel/framework/src/Illuminate/Pipeline/Pipeline.php(180): Illuminate\\Foundation\\Http\\Kernel->{closure:Illuminate\\Foundation\\Http\\Kernel::dispatchToRouter():197}(Object(Illuminate\\Http\\Request))
#29 /Users/kayla/Desktop/2nd sem/sisdat prak/project mahaking kos/mahaking-kos/vendor/laravel/framework/src/Illuminate/Foundation/Http/Middleware/TransformsRequest.php(21): Illuminate\\Pipeline\\Pipeline->{closure:Illuminate\\Pipeline\\Pipeline::prepareDestination():178}(Object(Illuminate\\Http\\Request))
#30 /Users/kayla/Desktop/2nd sem/sisdat prak/project mahaking kos/mahaking-kos/vendor/laravel/framework/src/Illuminate/Foundation/Http/Middleware/ConvertEmptyStringsToNull.php(31): Illuminate\\Foundation\\Http\\Middleware\\TransformsRequest->handle(Object(Illuminate\\Http\\Request), Object(Closure))
#31 /Users/kayla/Desktop/2nd sem/sisdat prak/project mahaking kos/mahaking-kos/vendor/laravel/framework/src/Illuminate/Pipeline/Pipeline.php(219): Illuminate\\Foundation\\Http\\Middleware\\ConvertEmptyStringsToNull->handle(Object(Illuminate\\Http\\Request), Object(Closure))
#32 /Users/kayla/Desktop/2nd sem/sisdat prak/project mahaking kos/mahaking-kos/vendor/laravel/framework/src/Illuminate/Foundation/Http/Middleware/TransformsRequest.php(21): Illuminate\\Pipeline\\Pipeline->{closure:{closure:Illuminate\\Pipeline\\Pipeline::carry():194}:195}(Object(Illuminate\\Http\\Request))
#33 /Users/kayla/Desktop/2nd sem/sisdat prak/project mahaking kos/mahaking-kos/vendor/laravel/framework/src/Illuminate/Foundation/Http/Middleware/TrimStrings.php(51): Illuminate\\Foundation\\Http\\Middleware\\TransformsRequest->handle(Object(Illuminate\\Http\\Request), Object(Closure))
#34 /Users/kayla/Desktop/2nd sem/sisdat prak/project mahaking kos/mahaking-kos/vendor/laravel/framework/src/Illuminate/Pipeline/Pipeline.php(219): Illuminate\\Foundation\\Http\\Middleware\\TrimStrings->handle(Object(Illuminate\\Http\\Request), Object(Closure))
#35 /Users/kayla/Desktop/2nd sem/sisdat prak/project mahaking kos/mahaking-kos/vendor/laravel/framework/src/Illuminate/Http/Middleware/ValidatePostSize.php(27): Illuminate\\Pipeline\\Pipeline->{closure:{closure:Illuminate\\Pipeline\\Pipeline::carry():194}:195}(Object(Illuminate\\Http\\Request))
#36 /Users/kayla/Desktop/2nd sem/sisdat prak/project mahaking kos/mahaking-kos/vendor/laravel/framework/src/Illuminate/Pipeline/Pipeline.php(219): Illuminate\\Http\\Middleware\\ValidatePostSize->handle(Object(Illuminate\\Http\\Request), Object(Closure))
#37 /Users/kayla/Desktop/2nd sem/sisdat prak/project mahaking kos/mahaking-kos/vendor/laravel/framework/src/Illuminate/Foundation/Http/Middleware/PreventRequestsDuringMaintenance.php(109): Illuminate\\Pipeline\\Pipeline->{closure:{closure:Illuminate\\Pipeline\\Pipeline::carry():194}:195}(Object(Illuminate\\Http\\Request))
#38 /Users/kayla/Desktop/2nd sem/sisdat prak/project mahaking kos/mahaking-kos/vendor/laravel/framework/src/Illuminate/Pipeline/Pipeline.php(219): Illuminate\\Foundation\\Http\\Middleware\\PreventRequestsDuringMaintenance->handle(Object(Illuminate\\Http\\Request), Object(Closure))
#39 /Users/kayla/Desktop/2nd sem/sisdat prak/project mahaking kos/mahaking-kos/vendor/laravel/framework/src/Illuminate/Http/Middleware/HandleCors.php(61): Illuminate\\Pipeline\\Pipeline->{closure:{closure:Illuminate\\Pipeline\\Pipeline::carry():194}:195}(Object(Illuminate\\Http\\Request))
#40 /Users/kayla/Desktop/2nd sem/sisdat prak/project mahaking kos/mahaking-kos/vendor/laravel/framework/src/Illuminate/Pipeline/Pipeline.php(219): Illuminate\\Http\\Middleware\\HandleCors->handle(Object(Illuminate\\Http\\Request), Object(Closure))
#41 /Users/kayla/Desktop/2nd sem/sisdat prak/project mahaking kos/mahaking-kos/vendor/laravel/framework/src/Illuminate/Http/Middleware/TrustProxies.php(58): Illuminate\\Pipeline\\Pipeline->{closure:{closure:Illuminate\\Pipeline\\Pipeline::carry():194}:195}(Object(Illuminate\\Http\\Request))
#42 /Users/kayla/Desktop/2nd sem/sisdat prak/project mahaking kos/mahaking-kos/vendor/laravel/framework/src/Illuminate/Pipeline/Pipeline.php(219): Illuminate\\Http\\Middleware\\TrustProxies->handle(Object(Illuminate\\Http\\Request), Object(Closure))
#43 /Users/kayla/Desktop/2nd sem/sisdat prak/project mahaking kos/mahaking-kos/vendor/laravel/framework/src/Illuminate/Foundation/Http/Middleware/InvokeDeferredCallbacks.php(22): Illuminate\\Pipeline\\Pipeline->{closure:{closure:Illuminate\\Pipeline\\Pipeline::carry():194}:195}(Object(Illuminate\\Http\\Request))
#44 /Users/kayla/Desktop/2nd sem/sisdat prak/project mahaking kos/mahaking-kos/vendor/laravel/framework/src/Illuminate/Pipeline/Pipeline.php(219): Illuminate\\Foundation\\Http\\Middleware\\InvokeDeferredCallbacks->handle(Object(Illuminate\\Http\\Request), Object(Closure))
#45 /Users/kayla/Desktop/2nd sem/sisdat prak/project mahaking kos/mahaking-kos/vendor/laravel/framework/src/Illuminate/Http/Middleware/ValidatePathEncoding.php(28): Illuminate\\Pipeline\\Pipeline->{closure:{closure:Illuminate\\Pipeline\\Pipeline::carry():194}:195}(Object(Illuminate\\Http\\Request))
#46 /Users/kayla/Desktop/2nd sem/sisdat prak/project mahaking kos/mahaking-kos/vendor/laravel/framework/src/Illuminate/Pipeline/Pipeline.php(219): Illuminate\\Http\\Middleware\\ValidatePathEncoding->handle(Object(Illuminate\\Http\\Request), Object(Closure))
#47 /Users/kayla/Desktop/2nd sem/sisdat prak/project mahaking kos/mahaking-kos/vendor/laravel/framework/src/Illuminate/Pipeline/Pipeline.php(137): Illuminate\\Pipeline\\Pipeline->{closure:{closure:Illuminate\\Pipeline\\Pipeline::carry():194}:195}(Object(Illuminate\\Http\\Request))
#48 /Users/kayla/Desktop/2nd sem/sisdat prak/project mahaking kos/mahaking-kos/vendor/laravel/framework/src/Illuminate/Foundation/Http/Kernel.php(175): Illuminate\\Pipeline\\Pipeline->then(Object(Closure))
#49 /Users/kayla/Desktop/2nd sem/sisdat prak/project mahaking kos/mahaking-kos/vendor/laravel/framework/src/Illuminate/Foundation/Http/Kernel.php(144): Illuminate\\Foundation\\Http\\Kernel->sendRequestThroughRouter(Object(Illuminate\\Http\\Request))
#50 /Users/kayla/Desktop/2nd sem/sisdat prak/project mahaking kos/mahaking-kos/vendor/laravel/framework/src/Illuminate/Foundation/Application.php(1220): Illuminate\\Foundation\\Http\\Kernel->handle(Object(Illuminate\\Http\\Request))
#51 /Users/kayla/Desktop/2nd sem/sisdat prak/project mahaking kos/mahaking-kos/public/index.php(20): Illuminate\\Foundation\\Application->handleRequest(Object(Illuminate\\Http\\Request))
#52 /Users/kayla/Desktop/2nd sem/sisdat prak/project mahaking kos/mahaking-kos/vendor/laravel/framework/src/Illuminate/Foundation/resources/server.php(23): require_once('/Users/kayla/De...')
#53 {main}
"} 
[2026-05-26 14:11:54] local.ERROR: SQLSTATE[42S02]: Base table or view not found: 1146 Table 'mahaking_kos.sessions' doesn't exist (Connection: mysql, Host: 127.0.0.1, Port: 8889, Database: mahaking_kos, SQL: select * from `sessions` where `id` = WYIr6prr5FZBvZDglLD5RCuvmTAypYlElYKAMmLy limit 1) {"exception":"[object] (Illuminate\\Database\\QueryException(code: 42S02): SQLSTATE[42S02]: Base table or view not found: 1146 Table 'mahaking_kos.sessions' doesn't exist (Connection: mysql, Host: 127.0.0.1, Port: 8889, Database: mahaking_kos, SQL: select * from `sessions` where `id` = WYIr6prr5FZBvZDglLD5RCuvmTAypYlElYKAMmLy limit 1) at /Users/kayla/Desktop/2nd sem/sisdat prak/project mahaking kos/mahaking-kos/vendor/laravel/framework/src/Illuminate/Database/Connection.php:841)
[stacktrace]
#0 /Users/kayla/Desktop/2nd sem/sisdat prak/project mahaking kos/mahaking-kos/vendor/laravel/framework/src/Illuminate/Database/Connection.php(797): Illuminate\\Database\\Connection->runQueryCallback('select * from `...', Array, Object(Closure))
#1 /Users/kayla/Desktop/2nd sem/sisdat prak/project mahaking kos/mahaking-kos/vendor/laravel/framework/src/Illuminate/Database/Connection.php(412): Illuminate\\Database\\Connection->run('select * from `...', Array, Object(Closure))
#2 /Users/kayla/Desktop/2nd sem/sisdat prak/project mahaking kos/mahaking-kos/vendor/laravel/framework/src/Illuminate/Database/Query/Builder.php(3567): Illuminate\\Database\\Connection->select('select * from `...', Array, false, Array)
#3 /Users/kayla/Desktop/2nd sem/sisdat prak/project mahaking kos/mahaking-kos/vendor/laravel/framework/src/Illuminate/Database/Query/Builder.php(3551): Illuminate\\Database\\Query\\Builder->runSelect()
#4 /Users/kayla/Desktop/2nd sem/sisdat prak/project mahaking kos/mahaking-kos/vendor/laravel/framework/src/Illuminate/Database/Concerns/BuildsQueries.php(366): Illuminate\\Database\\Query\\Builder->get(Array)
#5 /Users/kayla/Desktop/2nd sem/sisdat prak/project mahaking kos/mahaking-kos/vendor/laravel/framework/src/Illuminate/Database/Query/Builder.php(3469): Illuminate\\Database\\Query\\Builder->first(Array)
#6 /Users/kayla/Desktop/2nd sem/sisdat prak/project mahaking kos/mahaking-kos/vendor/laravel/framework/src/Illuminate/Session/DatabaseSessionHandler.php(96): Illuminate\\Database\\Query\\Builder->find('WYIr6prr5FZBvZD...')
#7 /Users/kayla/Desktop/2nd sem/sisdat prak/project mahaking kos/mahaking-kos/vendor/laravel/framework/src/Illuminate/Session/Store.php(128): Illuminate\\Session\\DatabaseSessionHandler->read('WYIr6prr5FZBvZD...')
#8 /Users/kayla/Desktop/2nd sem/sisdat prak/project mahaking kos/mahaking-kos/vendor/laravel/framework/src/Illuminate/Session/Store.php(116): Illuminate\\Session\\Store->readFromHandler()
#9 /Users/kayla/Desktop/2nd sem/sisdat prak/project mahaking kos/mahaking-kos/vendor/laravel/framework/src/Illuminate/Session/Store.php(100): Illuminate\\Session\\Store->loadSession()
#10 /Users/kayla/Desktop/2nd sem/sisdat prak/project mahaking kos/mahaking-kos/vendor/laravel/framework/src/Illuminate/Session/Middleware/StartSession.php(146): Illuminate\\Session\\Store->start()
#11 /Users/kayla/Desktop/2nd sem/sisdat prak/project mahaking kos/mahaking-kos/vendor/laravel/framework/src/Illuminate/Support/helpers.php(393): Illuminate\\Session\\Middleware\\StartSession->{closure:Illuminate\\Session\\Middleware\\StartSession::startSession():143}(Object(Illuminate\\Session\\Store))
#12 /Users/kayla/Desktop/2nd sem/sisdat prak/project mahaking kos/mahaking-kos/vendor/laravel/framework/src/Illuminate/Session/Middleware/StartSession.php(143): tap(Object(Illuminate\\Session\\Store), Object(Closure))
#13 /Users/kayla/Desktop/2nd sem/sisdat prak/project mahaking kos/mahaking-kos/vendor/laravel/framework/src/Illuminate/Session/Middleware/StartSession.php(115): Illuminate\\Session\\Middleware\\StartSession->startSession(Object(Illuminate\\Http\\Request), Object(Illuminate\\Session\\Store))
#14 /Users/kayla/Desktop/2nd sem/sisdat prak/project mahaking kos/mahaking-kos/vendor/laravel/framework/src/Illuminate/Session/Middleware/StartSession.php(63): Illuminate\\Session\\Middleware\\StartSession->handleStatefulRequest(Object(Illuminate\\Http\\Request), Object(Illuminate\\Session\\Store), Object(Closure))
#15 /Users/kayla/Desktop/2nd sem/sisdat prak/project mahaking kos/mahaking-kos/vendor/laravel/framework/src/Illuminate/Pipeline/Pipeline.php(219): Illuminate\\Session\\Middleware\\StartSession->handle(Object(Illuminate\\Http\\Request), Object(Closure))
#16 /Users/kayla/Desktop/2nd sem/sisdat prak/project mahaking kos/mahaking-kos/vendor/laravel/framework/src/Illuminate/Cookie/Middleware/AddQueuedCookiesToResponse.php(36): Illuminate\\Pipeline\\Pipeline->{closure:{closure:Illuminate\\Pipeline\\Pipeline::carry():194}:195}(Object(Illuminate\\Http\\Request))
#17 /Users/kayla/Desktop/2nd sem/sisdat prak/project mahaking kos/mahaking-kos/vendor/laravel/framework/src/Illuminate/Pipeline/Pipeline.php(219): Illuminate\\Cookie\\Middleware\\AddQueuedCookiesToResponse->handle(Object(Illuminate\\Http\\Request), Object(Closure))
#18 /Users/kayla/Desktop/2nd sem/sisdat prak/project mahaking kos/mahaking-kos/vendor/laravel/framework/src/Illuminate/Cookie/Middleware/EncryptCookies.php(74): Illuminate\\Pipeline\\Pipeline->{closure:{closure:Illuminate\\Pipeline\\Pipeline::carry():194}:195}(Object(Illuminate\\Http\\Request))
#19 /Users/kayla/Desktop/2nd sem/sisdat prak/project mahaking kos/mahaking-kos/vendor/laravel/framework/src/Illuminate/Pipeline/Pipeline.php(219): Illuminate\\Cookie\\Middleware\\EncryptCookies->handle(Object(Illuminate\\Http\\Request), Object(Closure))
#20 /Users/kayla/Desktop/2nd sem/sisdat prak/project mahaking kos/mahaking-kos/vendor/laravel/framework/src/Illuminate/Pipeline/Pipeline.php(137): Illuminate\\Pipeline\\Pipeline->{closure:{closure:Illuminate\\Pipeline\\Pipeline::carry():194}:195}(Object(Illuminate\\Http\\Request))
#21 /Users/kayla/Desktop/2nd sem/sisdat prak/project mahaking kos/mahaking-kos/vendor/laravel/framework/src/Illuminate/Routing/Router.php(821): Illuminate\\Pipeline\\Pipeline->then(Object(Closure))
#22 /Users/kayla/Desktop/2nd sem/sisdat prak/project mahaking kos/mahaking-kos/vendor/laravel/framework/src/Illuminate/Routing/Router.php(800): Illuminate\\Routing\\Router->runRouteWithinStack(Object(Illuminate\\Routing\\Route), Object(Illuminate\\Http\\Request))
#23 /Users/kayla/Desktop/2nd sem/sisdat prak/project mahaking kos/mahaking-kos/vendor/laravel/framework/src/Illuminate/Routing/Router.php(764): Illuminate\\Routing\\Router->runRoute(Object(Illuminate\\Http\\Request), Object(Illuminate\\Routing\\Route))
#24 /Users/kayla/Desktop/2nd sem/sisdat prak/project mahaking kos/mahaking-kos/vendor/laravel/framework/src/Illuminate/Routing/Router.php(753): Illuminate\\Routing\\Router->dispatchToRoute(Object(Illuminate\\Http\\Request))
#25 /Users/kayla/Desktop/2nd sem/sisdat prak/project mahaking kos/mahaking-kos/vendor/laravel/framework/src/Illuminate/Foundation/Http/Kernel.php(200): Illuminate\\Routing\\Router->dispatch(Object(Illuminate\\Http\\Request))
#26 /Users/kayla/Desktop/2nd sem/sisdat prak/project mahaking kos/mahaking-kos/vendor/laravel/framework/src/Illuminate/Pipeline/Pipeline.php(180): Illuminate\\Foundation\\Http\\Kernel->{closure:Illuminate\\Foundation\\Http\\Kernel::dispatchToRouter():197}(Object(Illuminate\\Http\\Request))
#27 /Users/kayla/Desktop/2nd sem/sisdat prak/project mahaking kos/mahaking-kos/vendor/laravel/framework/src/Illuminate/Foundation/Http/Middleware/TransformsRequest.php(21): Illuminate\\Pipeline\\Pipeline->{closure:Illuminate\\Pipeline\\Pipeline::prepareDestination():178}(Object(Illuminate\\Http\\Request))
#28 /Users/kayla/Desktop/2nd sem/sisdat prak/project mahaking kos/mahaking-kos/vendor/laravel/framework/src/Illuminate/Foundation/Http/Middleware/ConvertEmptyStringsToNull.php(31): Illuminate\\Foundation\\Http\\Middleware\\TransformsRequest->handle(Object(Illuminate\\Http\\Request), Object(Closure))
#29 /Users/kayla/Desktop/2nd sem/sisdat prak/project mahaking kos/mahaking-kos/vendor/laravel/framework/src/Illuminate/Pipeline/Pipeline.php(219): Illuminate\\Foundation\\Http\\Middleware\\ConvertEmptyStringsToNull->handle(Object(Illuminate\\Http\\Request), Object(Closure))
#30 /Users/kayla/Desktop/2nd sem/sisdat prak/project mahaking kos/mahaking-kos/vendor/laravel/framework/src/Illuminate/Foundation/Http/Middleware/TransformsRequest.php(21): Illuminate\\Pipeline\\Pipeline->{closure:{closure:Illuminate\\Pipeline\\Pipeline::carry():194}:195}(Object(Illuminate\\Http\\Request))
#31 /Users/kayla/Desktop/2nd sem/sisdat prak/project mahaking kos/mahaking-kos/vendor/laravel/framework/src/Illuminate/Foundation/Http/Middleware/TrimStrings.php(51): Illuminate\\Foundation\\Http\\Middleware\\TransformsRequest->handle(Object(Illuminate\\Http\\Request), Object(Closure))
#32 /Users/kayla/Desktop/2nd sem/sisdat prak/project mahaking kos/mahaking-kos/vendor/laravel/framework/src/Illuminate/Pipeline/Pipeline.php(219): Illuminate\\Foundation\\Http\\Middleware\\TrimStrings->handle(Object(Illuminate\\Http\\Request), Object(Closure))
#33 /Users/kayla/Desktop/2nd sem/sisdat prak/project mahaking kos/mahaking-kos/vendor/laravel/framework/src/Illuminate/Http/Middleware/ValidatePostSize.php(27): Illuminate\\Pipeline\\Pipeline->{closure:{closure:Illuminate\\Pipeline\\Pipeline::carry():194}:195}(Object(Illuminate\\Http\\Request))
#34 /Users/kayla/Desktop/2nd sem/sisdat prak/project mahaking kos/mahaking-kos/vendor/laravel/framework/src/Illuminate/Pipeline/Pipeline.php(219): Illuminate\\Http\\Middleware\\ValidatePostSize->handle(Object(Illuminate\\Http\\Request), Object(Closure))
#35 /Users/kayla/Desktop/2nd sem/sisdat prak/project mahaking kos/mahaking-kos/vendor/laravel/framework/src/Illuminate/Foundation/Http/Middleware/PreventRequestsDuringMaintenance.php(109): Illuminate\\Pipeline\\Pipeline->{closure:{closure:Illuminate\\Pipeline\\Pipeline::carry():194}:195}(Object(Illuminate\\Http\\Request))
#36 /Users/kayla/Desktop/2nd sem/sisdat prak/project mahaking kos/mahaking-kos/vendor/laravel/framework/src/Illuminate/Pipeline/Pipeline.php(219): Illuminate\\Foundation\\Http\\Middleware\\PreventRequestsDuringMaintenance->handle(Object(Illuminate\\Http\\Request), Object(Closure))
#37 /Users/kayla/Desktop/2nd sem/sisdat prak/project mahaking kos/mahaking-kos/vendor/laravel/framework/src/Illuminate/Http/Middleware/HandleCors.php(61): Illuminate\\Pipeline\\Pipeline->{closure:{closure:Illuminate\\Pipeline\\Pipeline::carry():194}:195}(Object(Illuminate\\Http\\Request))
#38 /Users/kayla/Desktop/2nd sem/sisdat prak/project mahaking kos/mahaking-kos/vendor/laravel/framework/src/Illuminate/Pipeline/Pipeline.php(219): Illuminate\\Http\\Middleware\\HandleCors->handle(Object(Illuminate\\Http\\Request), Object(Closure))
#39 /Users/kayla/Desktop/2nd sem/sisdat prak/project mahaking kos/mahaking-kos/vendor/laravel/framework/src/Illuminate/Http/Middleware/TrustProxies.php(58): Illuminate\\Pipeline\\Pipeline->{closure:{closure:Illuminate\\Pipeline\\Pipeline::carry():194}:195}(Object(Illuminate\\Http\\Request))
#40 /Users/kayla/Desktop/2nd sem/sisdat prak/project mahaking kos/mahaking-kos/vendor/laravel/framework/src/Illuminate/Pipeline/Pipeline.php(219): Illuminate\\Http\\Middleware\\TrustProxies->handle(Object(Illuminate\\Http\\Request), Object(Closure))
#41 /Users/kayla/Desktop/2nd sem/sisdat prak/project mahaking kos/mahaking-kos/vendor/laravel/framework/src/Illuminate/Foundation/Http/Middleware/InvokeDeferredCallbacks.php(22): Illuminate\\Pipeline\\Pipeline->{closure:{closure:Illuminate\\Pipeline\\Pipeline::carry():194}:195}(Object(Illuminate\\Http\\Request))
#42 /Users/kayla/Desktop/2nd sem/sisdat prak/project mahaking kos/mahaking-kos/vendor/laravel/framework/src/Illuminate/Pipeline/Pipeline.php(219): Illuminate\\Foundation\\Http\\Middleware\\InvokeDeferredCallbacks->handle(Object(Illuminate\\Http\\Request), Object(Closure))
#43 /Users/kayla/Desktop/2nd sem/sisdat prak/project mahaking kos/mahaking-kos/vendor/laravel/framework/src/Illuminate/Http/Middleware/ValidatePathEncoding.php(28): Illuminate\\Pipeline\\Pipeline->{closure:{closure:Illuminate\\Pipeline\\Pipeline::carry():194}:195}(Object(Illuminate\\Http\\Request))
#44 /Users/kayla/Desktop/2nd sem/sisdat prak/project mahaking kos/mahaking-kos/vendor/laravel/framework/src/Illuminate/Pipeline/Pipeline.php(219): Illuminate\\Http\\Middleware\\ValidatePathEncoding->handle(Object(Illuminate\\Http\\Request), Object(Closure))
#45 /Users/kayla/Desktop/2nd sem/sisdat prak/project mahaking kos/mahaking-kos/vendor/laravel/framework/src/Illuminate/Pipeline/Pipeline.php(137): Illuminate\\Pipeline\\Pipeline->{closure:{closure:Illuminate\\Pipeline\\Pipeline::carry():194}:195}(Object(Illuminate\\Http\\Request))
#46 /Users/kayla/Desktop/2nd sem/sisdat prak/project mahaking kos/mahaking-kos/vendor/laravel/framework/src/Illuminate/Foundation/Http/Kernel.php(175): Illuminate\\Pipeline\\Pipeline->then(Object(Closure))
#47 /Users/kayla/Desktop/2nd sem/sisdat prak/project mahaking kos/mahaking-kos/vendor/laravel/framework/src/Illuminate/Foundation/Http/Kernel.php(144): Illuminate\\Foundation\\Http\\Kernel->sendRequestThroughRouter(Object(Illuminate\\Http\\Request))
#48 /Users/kayla/Desktop/2nd sem/sisdat prak/project mahaking kos/mahaking-kos/vendor/laravel/framework/src/Illuminate/Foundation/Application.php(1220): Illuminate\\Foundation\\Http\\Kernel->handle(Object(Illuminate\\Http\\Request))
#49 /Users/kayla/Desktop/2nd sem/sisdat prak/project mahaking kos/mahaking-kos/public/index.php(20): Illuminate\\Foundation\\Application->handleRequest(Object(Illuminate\\Http\\Request))
#50 /Users/kayla/Desktop/2nd sem/sisdat prak/project mahaking kos/mahaking-kos/vendor/laravel/framework/src/Illuminate/Foundation/resources/server.php(23): require_once('/Users/kayla/De...')
#51 {main}

[previous exception] [object] (PDOException(code: 42S02): SQLSTATE[42S02]: Base table or view not found: 1146 Table 'mahaking_kos.sessions' doesn't exist at /Users/kayla/Desktop/2nd sem/sisdat prak/project mahaking kos/mahaking-kos/vendor/laravel/framework/src/Illuminate/Database/Connection.php:421)
[stacktrace]
#0 /Users/kayla/Desktop/2nd sem/sisdat prak/project mahaking kos/mahaking-kos/vendor/laravel/framework/src/Illuminate/Database/Connection.php(421): PDO->prepare('select * from `...')
#1 /Users/kayla/Desktop/2nd sem/sisdat prak/project mahaking kos/mahaking-kos/vendor/laravel/framework/src/Illuminate/Database/Connection.php(830): Illuminate\\Database\\Connection->{closure:Illuminate\\Database\\Connection::select():412}('select * from `...', Array)
#2 /Users/kayla/Desktop/2nd sem/sisdat prak/project mahaking kos/mahaking-kos/vendor/laravel/framework/src/Illuminate/Database/Connection.php(797): Illuminate\\Database\\Connection->runQueryCallback('select * from `...', Array, Object(Closure))
#3 /Users/kayla/Desktop/2nd sem/sisdat prak/project mahaking kos/mahaking-kos/vendor/laravel/framework/src/Illuminate/Database/Connection.php(412): Illuminate\\Database\\Connection->run('select * from `...', Array, Object(Closure))
#4 /Users/kayla/Desktop/2nd sem/sisdat prak/project mahaking kos/mahaking-kos/vendor/laravel/framework/src/Illuminate/Database/Query/Builder.php(3567): Illuminate\\Database\\Connection->select('select * from `...', Array, false, Array)
#5 /Users/kayla/Desktop/2nd sem/sisdat prak/project mahaking kos/mahaking-kos/vendor/laravel/framework/src/Illuminate/Database/Query/Builder.php(3551): Illuminate\\Database\\Query\\Builder->runSelect()
#6 /Users/kayla/Desktop/2nd sem/sisdat prak/project mahaking kos/mahaking-kos/vendor/laravel/framework/src/Illuminate/Database/Concerns/BuildsQueries.php(366): Illuminate\\Database\\Query\\Builder->get(Array)
#7 /Users/kayla/Desktop/2nd sem/sisdat prak/project mahaking kos/mahaking-kos/vendor/laravel/framework/src/Illuminate/Database/Query/Builder.php(3469): Illuminate\\Database\\Query\\Builder->first(Array)
#8 /Users/kayla/Desktop/2nd sem/sisdat prak/project mahaking kos/mahaking-kos/vendor/laravel/framework/src/Illuminate/Session/DatabaseSessionHandler.php(96): Illuminate\\Database\\Query\\Builder->find('WYIr6prr5FZBvZD...')
#9 /Users/kayla/Desktop/2nd sem/sisdat prak/project mahaking kos/mahaking-kos/vendor/laravel/framework/src/Illuminate/Session/Store.php(128): Illuminate\\Session\\DatabaseSessionHandler->read('WYIr6prr5FZBvZD...')
#10 /Users/kayla/Desktop/2nd sem/sisdat prak/project mahaking kos/mahaking-kos/vendor/laravel/framework/src/Illuminate/Session/Store.php(116): Illuminate\\Session\\Store->readFromHandler()
#11 /Users/kayla/Desktop/2nd sem/sisdat prak/project mahaking kos/mahaking-kos/vendor/laravel/framework/src/Illuminate/Session/Store.php(100): Illuminate\\Session\\Store->loadSession()
#12 /Users/kayla/Desktop/2nd sem/sisdat prak/project mahaking kos/mahaking-kos/vendor/laravel/framework/src/Illuminate/Session/Middleware/StartSession.php(146): Illuminate\\Session\\Store->start()
#13 /Users/kayla/Desktop/2nd sem/sisdat prak/project mahaking kos/mahaking-kos/vendor/laravel/framework/src/Illuminate/Support/helpers.php(393): Illuminate\\Session\\Middleware\\StartSession->{closure:Illuminate\\Session\\Middleware\\StartSession::startSession():143}(Object(Illuminate\\Session\\Store))
#14 /Users/kayla/Desktop/2nd sem/sisdat prak/project mahaking kos/mahaking-kos/vendor/laravel/framework/src/Illuminate/Session/Middleware/StartSession.php(143): tap(Object(Illuminate\\Session\\Store), Object(Closure))
#15 /Users/kayla/Desktop/2nd sem/sisdat prak/project mahaking kos/mahaking-kos/vendor/laravel/framework/src/Illuminate/Session/Middleware/StartSession.php(115): Illuminate\\Session\\Middleware\\StartSession->startSession(Object(Illuminate\\Http\\Request), Object(Illuminate\\Session\\Store))
#16 /Users/kayla/Desktop/2nd sem/sisdat prak/project mahaking kos/mahaking-kos/vendor/laravel/framework/src/Illuminate/Session/Middleware/StartSession.php(63): Illuminate\\Session\\Middleware\\StartSession->handleStatefulRequest(Object(Illuminate\\Http\\Request), Object(Illuminate\\Session\\Store), Object(Closure))
#17 /Users/kayla/Desktop/2nd sem/sisdat prak/project mahaking kos/mahaking-kos/vendor/laravel/framework/src/Illuminate/Pipeline/Pipeline.php(219): Illuminate\\Session\\Middleware\\StartSession->handle(Object(Illuminate\\Http\\Request), Object(Closure))
#18 /Users/kayla/Desktop/2nd sem/sisdat prak/project mahaking kos/mahaking-kos/vendor/laravel/framework/src/Illuminate/Cookie/Middleware/AddQueuedCookiesToResponse.php(36): Illuminate\\Pipeline\\Pipeline->{closure:{closure:Illuminate\\Pipeline\\Pipeline::carry():194}:195}(Object(Illuminate\\Http\\Request))
#19 /Users/kayla/Desktop/2nd sem/sisdat prak/project mahaking kos/mahaking-kos/vendor/laravel/framework/src/Illuminate/Pipeline/Pipeline.php(219): Illuminate\\Cookie\\Middleware\\AddQueuedCookiesToResponse->handle(Object(Illuminate\\Http\\Request), Object(Closure))
#20 /Users/kayla/Desktop/2nd sem/sisdat prak/project mahaking kos/mahaking-kos/vendor/laravel/framework/src/Illuminate/Cookie/Middleware/EncryptCookies.php(74): Illuminate\\Pipeline\\Pipeline->{closure:{closure:Illuminate\\Pipeline\\Pipeline::carry():194}:195}(Object(Illuminate\\Http\\Request))
#21 /Users/kayla/Desktop/2nd sem/sisdat prak/project mahaking kos/mahaking-kos/vendor/laravel/framework/src/Illuminate/Pipeline/Pipeline.php(219): Illuminate\\Cookie\\Middleware\\EncryptCookies->handle(Object(Illuminate\\Http\\Request), Object(Closure))
#22 /Users/kayla/Desktop/2nd sem/sisdat prak/project mahaking kos/mahaking-kos/vendor/laravel/framework/src/Illuminate/Pipeline/Pipeline.php(137): Illuminate\\Pipeline\\Pipeline->{closure:{closure:Illuminate\\Pipeline\\Pipeline::carry():194}:195}(Object(Illuminate\\Http\\Request))
#23 /Users/kayla/Desktop/2nd sem/sisdat prak/project mahaking kos/mahaking-kos/vendor/laravel/framework/src/Illuminate/Routing/Router.php(821): Illuminate\\Pipeline\\Pipeline->then(Object(Closure))
#24 /Users/kayla/Desktop/2nd sem/sisdat prak/project mahaking kos/mahaking-kos/vendor/laravel/framework/src/Illuminate/Routing/Router.php(800): Illuminate\\Routing\\Router->runRouteWithinStack(Object(Illuminate\\Routing\\Route), Object(Illuminate\\Http\\Request))
#25 /Users/kayla/Desktop/2nd sem/sisdat prak/project mahaking kos/mahaking-kos/vendor/laravel/framework/src/Illuminate/Routing/Router.php(764): Illuminate\\Routing\\Router->runRoute(Object(Illuminate\\Http\\Request), Object(Illuminate\\Routing\\Route))
#26 /Users/kayla/Desktop/2nd sem/sisdat prak/project mahaking kos/mahaking-kos/vendor/laravel/framework/src/Illuminate/Routing/Router.php(753): Illuminate\\Routing\\Router->dispatchToRoute(Object(Illuminate\\Http\\Request))
#27 /Users/kayla/Desktop/2nd sem/sisdat prak/project mahaking kos/mahaking-kos/vendor/laravel/framework/src/Illuminate/Foundation/Http/Kernel.php(200): Illuminate\\Routing\\Router->dispatch(Object(Illuminate\\Http\\Request))
#28 /Users/kayla/Desktop/2nd sem/sisdat prak/project mahaking kos/mahaking-kos/vendor/laravel/framework/src/Illuminate/Pipeline/Pipeline.php(180): Illuminate\\Foundation\\Http\\Kernel->{closure:Illuminate\\Foundation\\Http\\Kernel::dispatchToRouter():197}(Object(Illuminate\\Http\\Request))
#29 /Users/kayla/Desktop/2nd sem/sisdat prak/project mahaking kos/mahaking-kos/vendor/laravel/framework/src/Illuminate/Foundation/Http/Middleware/TransformsRequest.php(21): Illuminate\\Pipeline\\Pipeline->{closure:Illuminate\\Pipeline\\Pipeline::prepareDestination():178}(Object(Illuminate\\Http\\Request))
#30 /Users/kayla/Desktop/2nd sem/sisdat prak/project mahaking kos/mahaking-kos/vendor/laravel/framework/src/Illuminate/Foundation/Http/Middleware/ConvertEmptyStringsToNull.php(31): Illuminate\\Foundation\\Http\\Middleware\\TransformsRequest->handle(Object(Illuminate\\Http\\Request), Object(Closure))
#31 /Users/kayla/Desktop/2nd sem/sisdat prak/project mahaking kos/mahaking-kos/vendor/laravel/framework/src/Illuminate/Pipeline/Pipeline.php(219): Illuminate\\Foundation\\Http\\Middleware\\ConvertEmptyStringsToNull->handle(Object(Illuminate\\Http\\Request), Object(Closure))
#32 /Users/kayla/Desktop/2nd sem/sisdat prak/project mahaking kos/mahaking-kos/vendor/laravel/framework/src/Illuminate/Foundation/Http/Middleware/TransformsRequest.php(21): Illuminate\\Pipeline\\Pipeline->{closure:{closure:Illuminate\\Pipeline\\Pipeline::carry():194}:195}(Object(Illuminate\\Http\\Request))
#33 /Users/kayla/Desktop/2nd sem/sisdat prak/project mahaking kos/mahaking-kos/vendor/laravel/framework/src/Illuminate/Foundation/Http/Middleware/TrimStrings.php(51): Illuminate\\Foundation\\Http\\Middleware\\TransformsRequest->handle(Object(Illuminate\\Http\\Request), Object(Closure))
#34 /Users/kayla/Desktop/2nd sem/sisdat prak/project mahaking kos/mahaking-kos/vendor/laravel/framework/src/Illuminate/Pipeline/Pipeline.php(219): Illuminate\\Foundation\\Http\\Middleware\\TrimStrings->handle(Object(Illuminate\\Http\\Request), Object(Closure))
#35 /Users/kayla/Desktop/2nd sem/sisdat prak/project mahaking kos/mahaking-kos/vendor/laravel/framework/src/Illuminate/Http/Middleware/ValidatePostSize.php(27): Illuminate\\Pipeline\\Pipeline->{closure:{closure:Illuminate\\Pipeline\\Pipeline::carry():194}:195}(Object(Illuminate\\Http\\Request))
#36 /Users/kayla/Desktop/2nd sem/sisdat prak/project mahaking kos/mahaking-kos/vendor/laravel/framework/src/Illuminate/Pipeline/Pipeline.php(219): Illuminate\\Http\\Middleware\\ValidatePostSize->handle(Object(Illuminate\\Http\\Request), Object(Closure))
#37 /Users/kayla/Desktop/2nd sem/sisdat prak/project mahaking kos/mahaking-kos/vendor/laravel/framework/src/Illuminate/Foundation/Http/Middleware/PreventRequestsDuringMaintenance.php(109): Illuminate\\Pipeline\\Pipeline->{closure:{closure:Illuminate\\Pipeline\\Pipeline::carry():194}:195}(Object(Illuminate\\Http\\Request))
#38 /Users/kayla/Desktop/2nd sem/sisdat prak/project mahaking kos/mahaking-kos/vendor/laravel/framework/src/Illuminate/Pipeline/Pipeline.php(219): Illuminate\\Foundation\\Http\\Middleware\\PreventRequestsDuringMaintenance->handle(Object(Illuminate\\Http\\Request), Object(Closure))
#39 /Users/kayla/Desktop/2nd sem/sisdat prak/project mahaking kos/mahaking-kos/vendor/laravel/framework/src/Illuminate/Http/Middleware/HandleCors.php(61): Illuminate\\Pipeline\\Pipeline->{closure:{closure:Illuminate\\Pipeline\\Pipeline::carry():194}:195}(Object(Illuminate\\Http\\Request))
#40 /Users/kayla/Desktop/2nd sem/sisdat prak/project mahaking kos/mahaking-kos/vendor/laravel/framework/src/Illuminate/Pipeline/Pipeline.php(219): Illuminate\\Http\\Middleware\\HandleCors->handle(Object(Illuminate\\Http\\Request), Object(Closure))
#41 /Users/kayla/Desktop/2nd sem/sisdat prak/project mahaking kos/mahaking-kos/vendor/laravel/framework/src/Illuminate/Http/Middleware/TrustProxies.php(58): Illuminate\\Pipeline\\Pipeline->{closure:{closure:Illuminate\\Pipeline\\Pipeline::carry():194}:195}(Object(Illuminate\\Http\\Request))
#42 /Users/kayla/Desktop/2nd sem/sisdat prak/project mahaking kos/mahaking-kos/vendor/laravel/framework/src/Illuminate/Pipeline/Pipeline.php(219): Illuminate\\Http\\Middleware\\TrustProxies->handle(Object(Illuminate\\Http\\Request), Object(Closure))
#43 /Users/kayla/Desktop/2nd sem/sisdat prak/project mahaking kos/mahaking-kos/vendor/laravel/framework/src/Illuminate/Foundation/Http/Middleware/InvokeDeferredCallbacks.php(22): Illuminate\\Pipeline\\Pipeline->{closure:{closure:Illuminate\\Pipeline\\Pipeline::carry():194}:195}(Object(Illuminate\\Http\\Request))
#44 /Users/kayla/Desktop/2nd sem/sisdat prak/project mahaking kos/mahaking-kos/vendor/laravel/framework/src/Illuminate/Pipeline/Pipeline.php(219): Illuminate\\Foundation\\Http\\Middleware\\InvokeDeferredCallbacks->handle(Object(Illuminate\\Http\\Request), Object(Closure))
#45 /Users/kayla/Desktop/2nd sem/sisdat prak/project mahaking kos/mahaking-kos/vendor/laravel/framework/src/Illuminate/Http/Middleware/ValidatePathEncoding.php(28): Illuminate\\Pipeline\\Pipeline->{closure:{closure:Illuminate\\Pipeline\\Pipeline::carry():194}:195}(Object(Illuminate\\Http\\Request))
#46 /Users/kayla/Desktop/2nd sem/sisdat prak/project mahaking kos/mahaking-kos/vendor/laravel/framework/src/Illuminate/Pipeline/Pipeline.php(219): Illuminate\\Http\\Middleware\\ValidatePathEncoding->handle(Object(Illuminate\\Http\\Request), Object(Closure))
#47 /Users/kayla/Desktop/2nd sem/sisdat prak/project mahaking kos/mahaking-kos/vendor/laravel/framework/src/Illuminate/Pipeline/Pipeline.php(137): Illuminate\\Pipeline\\Pipeline->{closure:{closure:Illuminate\\Pipeline\\Pipeline::carry():194}:195}(Object(Illuminate\\Http\\Request))
#48 /Users/kayla/Desktop/2nd sem/sisdat prak/project mahaking kos/mahaking-kos/vendor/laravel/framework/src/Illuminate/Foundation/Http/Kernel.php(175): Illuminate\\Pipeline\\Pipeline->then(Object(Closure))
#49 /Users/kayla/Desktop/2nd sem/sisdat prak/project mahaking kos/mahaking-kos/vendor/laravel/framework/src/Illuminate/Foundation/Http/Kernel.php(144): Illuminate\\Foundation\\Http\\Kernel->sendRequestThroughRouter(Object(Illuminate\\Http\\Request))
#50 /Users/kayla/Desktop/2nd sem/sisdat prak/project mahaking kos/mahaking-kos/vendor/laravel/framework/src/Illuminate/Foundation/Application.php(1220): Illuminate\\Foundation\\Http\\Kernel->handle(Object(Illuminate\\Http\\Request))
#51 /Users/kayla/Desktop/2nd sem/sisdat prak/project mahaking kos/mahaking-kos/public/index.php(20): Illuminate\\Foundation\\Application->handleRequest(Object(Illuminate\\Http\\Request))
#52 /Users/kayla/Desktop/2nd sem/sisdat prak/project mahaking kos/mahaking-kos/vendor/laravel/framework/src/Illuminate/Foundation/resources/server.php(23): require_once('/Users/kayla/De...')
#53 {main}
"} 
[2026-05-26 14:11:55] local.ERROR: SQLSTATE[42S02]: Base table or view not found: 1146 Table 'mahaking_kos.sessions' doesn't exist (Connection: mysql, Host: 127.0.0.1, Port: 8889, Database: mahaking_kos, SQL: select * from `sessions` where `id` = ucKgdS4DrtbJzluZ8AJF9VH2U9ed662F0KJF4gd7 limit 1) {"exception":"[object] (Illuminate\\Database\\QueryException(code: 42S02): SQLSTATE[42S02]: Base table or view not found: 1146 Table 'mahaking_kos.sessions' doesn't exist (Connection: mysql, Host: 127.0.0.1, Port: 8889, Database: mahaking_kos, SQL: select * from `sessions` where `id` = ucKgdS4DrtbJzluZ8AJF9VH2U9ed662F0KJF4gd7 limit 1) at /Users/kayla/Desktop/2nd sem/sisdat prak/project mahaking kos/mahaking-kos/vendor/laravel/framework/src/Illuminate/Database/Connection.php:841)
[stacktrace]
#0 /Users/kayla/Desktop/2nd sem/sisdat prak/project mahaking kos/mahaking-kos/vendor/laravel/framework/src/Illuminate/Database/Connection.php(797): Illuminate\\Database\\Connection->runQueryCallback('select * from `...', Array, Object(Closure))
#1 /Users/kayla/Desktop/2nd sem/sisdat prak/project mahaking kos/mahaking-kos/vendor/laravel/framework/src/Illuminate/Database/Connection.php(412): Illuminate\\Database\\Connection->run('select * from `...', Array, Object(Closure))
#2 /Users/kayla/Desktop/2nd sem/sisdat prak/project mahaking kos/mahaking-kos/vendor/laravel/framework/src/Illuminate/Database/Query/Builder.php(3567): Illuminate\\Database\\Connection->select('select * from `...', Array, false, Array)
#3 /Users/kayla/Desktop/2nd sem/sisdat prak/project mahaking kos/mahaking-kos/vendor/laravel/framework/src/Illuminate/Database/Query/Builder.php(3551): Illuminate\\Database\\Query\\Builder->runSelect()
#4 /Users/kayla/Desktop/2nd sem/sisdat prak/project mahaking kos/mahaking-kos/vendor/laravel/framework/src/Illuminate/Database/Concerns/BuildsQueries.php(366): Illuminate\\Database\\Query\\Builder->get(Array)
#5 /Users/kayla/Desktop/2nd sem/sisdat prak/project mahaking kos/mahaking-kos/vendor/laravel/framework/src/Illuminate/Database/Query/Builder.php(3469): Illuminate\\Database\\Query\\Builder->first(Array)
#6 /Users/kayla/Desktop/2nd sem/sisdat prak/project mahaking kos/mahaking-kos/vendor/laravel/framework/src/Illuminate/Session/DatabaseSessionHandler.php(96): Illuminate\\Database\\Query\\Builder->find('ucKgdS4DrtbJzlu...')
#7 /Users/kayla/Desktop/2nd sem/sisdat prak/project mahaking kos/mahaking-kos/vendor/laravel/framework/src/Illuminate/Session/Store.php(128): Illuminate\\Session\\DatabaseSessionHandler->read('ucKgdS4DrtbJzlu...')
#8 /Users/kayla/Desktop/2nd sem/sisdat prak/project mahaking kos/mahaking-kos/vendor/laravel/framework/src/Illuminate/Session/Store.php(116): Illuminate\\Session\\Store->readFromHandler()
#9 /Users/kayla/Desktop/2nd sem/sisdat prak/project mahaking kos/mahaking-kos/vendor/laravel/framework/src/Illuminate/Session/Store.php(100): Illuminate\\Session\\Store->loadSession()
#10 /Users/kayla/Desktop/2nd sem/sisdat prak/project mahaking kos/mahaking-kos/vendor/laravel/framework/src/Illuminate/Session/Middleware/StartSession.php(146): Illuminate\\Session\\Store->start()
#11 /Users/kayla/Desktop/2nd sem/sisdat prak/project mahaking kos/mahaking-kos/vendor/laravel/framework/src/Illuminate/Support/helpers.php(393): Illuminate\\Session\\Middleware\\StartSession->{closure:Illuminate\\Session\\Middleware\\StartSession::startSession():143}(Object(Illuminate\\Session\\Store))
#12 /Users/kayla/Desktop/2nd sem/sisdat prak/project mahaking kos/mahaking-kos/vendor/laravel/framework/src/Illuminate/Session/Middleware/StartSession.php(143): tap(Object(Illuminate\\Session\\Store), Object(Closure))
#13 /Users/kayla/Desktop/2nd sem/sisdat prak/project mahaking kos/mahaking-kos/vendor/laravel/framework/src/Illuminate/Session/Middleware/StartSession.php(115): Illuminate\\Session\\Middleware\\StartSession->startSession(Object(Illuminate\\Http\\Request), Object(Illuminate\\Session\\Store))
#14 /Users/kayla/Desktop/2nd sem/sisdat prak/project mahaking kos/mahaking-kos/vendor/laravel/framework/src/Illuminate/Session/Middleware/StartSession.php(63): Illuminate\\Session\\Middleware\\StartSession->handleStatefulRequest(Object(Illuminate\\Http\\Request), Object(Illuminate\\Session\\Store), Object(Closure))
#15 /Users/kayla/Desktop/2nd sem/sisdat prak/project mahaking kos/mahaking-kos/vendor/laravel/framework/src/Illuminate/Pipeline/Pipeline.php(219): Illuminate\\Session\\Middleware\\StartSession->handle(Object(Illuminate\\Http\\Request), Object(Closure))
#16 /Users/kayla/Desktop/2nd sem/sisdat prak/project mahaking kos/mahaking-kos/vendor/laravel/framework/src/Illuminate/Cookie/Middleware/AddQueuedCookiesToResponse.php(36): Illuminate\\Pipeline\\Pipeline->{closure:{closure:Illuminate\\Pipeline\\Pipeline::carry():194}:195}(Object(Illuminate\\Http\\Request))
#17 /Users/kayla/Desktop/2nd sem/sisdat prak/project mahaking kos/mahaking-kos/vendor/laravel/framework/src/Illuminate/Pipeline/Pipeline.php(219): Illuminate\\Cookie\\Middleware\\AddQueuedCookiesToResponse->handle(Object(Illuminate\\Http\\Request), Object(Closure))
#18 /Users/kayla/Desktop/2nd sem/sisdat prak/project mahaking kos/mahaking-kos/vendor/laravel/framework/src/Illuminate/Cookie/Middleware/EncryptCookies.php(74): Illuminate\\Pipeline\\Pipeline->{closure:{closure:Illuminate\\Pipeline\\Pipeline::carry():194}:195}(Object(Illuminate\\Http\\Request))
#19 /Users/kayla/Desktop/2nd sem/sisdat prak/project mahaking kos/mahaking-kos/vendor/laravel/framework/src/Illuminate/Pipeline/Pipeline.php(219): Illuminate\\Cookie\\Middleware\\EncryptCookies->handle(Object(Illuminate\\Http\\Request), Object(Closure))
#20 /Users/kayla/Desktop/2nd sem/sisdat prak/project mahaking kos/mahaking-kos/vendor/laravel/framework/src/Illuminate/Pipeline/Pipeline.php(137): Illuminate\\Pipeline\\Pipeline->{closure:{closure:Illuminate\\Pipeline\\Pipeline::carry():194}:195}(Object(Illuminate\\Http\\Request))
#21 /Users/kayla/Desktop/2nd sem/sisdat prak/project mahaking kos/mahaking-kos/vendor/laravel/framework/src/Illuminate/Routing/Router.php(821): Illuminate\\Pipeline\\Pipeline->then(Object(Closure))
#22 /Users/kayla/Desktop/2nd sem/sisdat prak/project mahaking kos/mahaking-kos/vendor/laravel/framework/src/Illuminate/Routing/Router.php(800): Illuminate\\Routing\\Router->runRouteWithinStack(Object(Illuminate\\Routing\\Route), Object(Illuminate\\Http\\Request))
#23 /Users/kayla/Desktop/2nd sem/sisdat prak/project mahaking kos/mahaking-kos/vendor/laravel/framework/src/Illuminate/Routing/Router.php(764): Illuminate\\Routing\\Router->runRoute(Object(Illuminate\\Http\\Request), Object(Illuminate\\Routing\\Route))
#24 /Users/kayla/Desktop/2nd sem/sisdat prak/project mahaking kos/mahaking-kos/vendor/laravel/framework/src/Illuminate/Routing/Router.php(753): Illuminate\\Routing\\Router->dispatchToRoute(Object(Illuminate\\Http\\Request))
#25 /Users/kayla/Desktop/2nd sem/sisdat prak/project mahaking kos/mahaking-kos/vendor/laravel/framework/src/Illuminate/Foundation/Http/Kernel.php(200): Illuminate\\Routing\\Router->dispatch(Object(Illuminate\\Http\\Request))
#26 /Users/kayla/Desktop/2nd sem/sisdat prak/project mahaking kos/mahaking-kos/vendor/laravel/framework/src/Illuminate/Pipeline/Pipeline.php(180): Illuminate\\Foundation\\Http\\Kernel->{closure:Illuminate\\Foundation\\Http\\Kernel::dispatchToRouter():197}(Object(Illuminate\\Http\\Request))
#27 /Users/kayla/Desktop/2nd sem/sisdat prak/project mahaking kos/mahaking-kos/vendor/laravel/framework/src/Illuminate/Foundation/Http/Middleware/TransformsRequest.php(21): Illuminate\\Pipeline\\Pipeline->{closure:Illuminate\\Pipeline\\Pipeline::prepareDestination():178}(Object(Illuminate\\Http\\Request))
#28 /Users/kayla/Desktop/2nd sem/sisdat prak/project mahaking kos/mahaking-kos/vendor/laravel/framework/src/Illuminate/Foundation/Http/Middleware/ConvertEmptyStringsToNull.php(31): Illuminate\\Foundation\\Http\\Middleware\\TransformsRequest->handle(Object(Illuminate\\Http\\Request), Object(Closure))
#29 /Users/kayla/Desktop/2nd sem/sisdat prak/project mahaking kos/mahaking-kos/vendor/laravel/framework/src/Illuminate/Pipeline/Pipeline.php(219): Illuminate\\Foundation\\Http\\Middleware\\ConvertEmptyStringsToNull->handle(Object(Illuminate\\Http\\Request), Object(Closure))
#30 /Users/kayla/Desktop/2nd sem/sisdat prak/project mahaking kos/mahaking-kos/vendor/laravel/framework/src/Illuminate/Foundation/Http/Middleware/TransformsRequest.php(21): Illuminate\\Pipeline\\Pipeline->{closure:{closure:Illuminate\\Pipeline\\Pipeline::carry():194}:195}(Object(Illuminate\\Http\\Request))
#31 /Users/kayla/Desktop/2nd sem/sisdat prak/project mahaking kos/mahaking-kos/vendor/laravel/framework/src/Illuminate/Foundation/Http/Middleware/TrimStrings.php(51): Illuminate\\Foundation\\Http\\Middleware\\TransformsRequest->handle(Object(Illuminate\\Http\\Request), Object(Closure))
#32 /Users/kayla/Desktop/2nd sem/sisdat prak/project mahaking kos/mahaking-kos/vendor/laravel/framework/src/Illuminate/Pipeline/Pipeline.php(219): Illuminate\\Foundation\\Http\\Middleware\\TrimStrings->handle(Object(Illuminate\\Http\\Request), Object(Closure))
#33 /Users/kayla/Desktop/2nd sem/sisdat prak/project mahaking kos/mahaking-kos/vendor/laravel/framework/src/Illuminate/Http/Middleware/ValidatePostSize.php(27): Illuminate\\Pipeline\\Pipeline->{closure:{closure:Illuminate\\Pipeline\\Pipeline::carry():194}:195}(Object(Illuminate\\Http\\Request))
#34 /Users/kayla/Desktop/2nd sem/sisdat prak/project mahaking kos/mahaking-kos/vendor/laravel/framework/src/Illuminate/Pipeline/Pipeline.php(219): Illuminate\\Http\\Middleware\\ValidatePostSize->handle(Object(Illuminate\\Http\\Request), Object(Closure))
#35 /Users/kayla/Desktop/2nd sem/sisdat prak/project mahaking kos/mahaking-kos/vendor/laravel/framework/src/Illuminate/Foundation/Http/Middleware/PreventRequestsDuringMaintenance.php(109): Illuminate\\Pipeline\\Pipeline->{closure:{closure:Illuminate\\Pipeline\\Pipeline::carry():194}:195}(Object(Illuminate\\Http\\Request))
#36 /Users/kayla/Desktop/2nd sem/sisdat prak/project mahaking kos/mahaking-kos/vendor/laravel/framework/src/Illuminate/Pipeline/Pipeline.php(219): Illuminate\\Foundation\\Http\\Middleware\\PreventRequestsDuringMaintenance->handle(Object(Illuminate\\Http\\Request), Object(Closure))
#37 /Users/kayla/Desktop/2nd sem/sisdat prak/project mahaking kos/mahaking-kos/vendor/laravel/framework/src/Illuminate/Http/Middleware/HandleCors.php(61): Illuminate\\Pipeline\\Pipeline->{closure:{closure:Illuminate\\Pipeline\\Pipeline::carry():194}:195}(Object(Illuminate\\Http\\Request))
#38 /Users/kayla/Desktop/2nd sem/sisdat prak/project mahaking kos/mahaking-kos/vendor/laravel/framework/src/Illuminate/Pipeline/Pipeline.php(219): Illuminate\\Http\\Middleware\\HandleCors->handle(Object(Illuminate\\Http\\Request), Object(Closure))
#39 /Users/kayla/Desktop/2nd sem/sisdat prak/project mahaking kos/mahaking-kos/vendor/laravel/framework/src/Illuminate/Http/Middleware/TrustProxies.php(58): Illuminate\\Pipeline\\Pipeline->{closure:{closure:Illuminate\\Pipeline\\Pipeline::carry():194}:195}(Object(Illuminate\\Http\\Request))
#40 /Users/kayla/Desktop/2nd sem/sisdat prak/project mahaking kos/mahaking-kos/vendor/laravel/framework/src/Illuminate/Pipeline/Pipeline.php(219): Illuminate\\Http\\Middleware\\TrustProxies->handle(Object(Illuminate\\Http\\Request), Object(Closure))
#41 /Users/kayla/Desktop/2nd sem/sisdat prak/project mahaking kos/mahaking-kos/vendor/laravel/framework/src/Illuminate/Foundation/Http/Middleware/InvokeDeferredCallbacks.php(22): Illuminate\\Pipeline\\Pipeline->{closure:{closure:Illuminate\\Pipeline\\Pipeline::carry():194}:195}(Object(Illuminate\\Http\\Request))
#42 /Users/kayla/Desktop/2nd sem/sisdat prak/project mahaking kos/mahaking-kos/vendor/laravel/framework/src/Illuminate/Pipeline/Pipeline.php(219): Illuminate\\Foundation\\Http\\Middleware\\InvokeDeferredCallbacks->handle(Object(Illuminate\\Http\\Request), Object(Closure))
#43 /Users/kayla/Desktop/2nd sem/sisdat prak/project mahaking kos/mahaking-kos/vendor/laravel/framework/src/Illuminate/Http/Middleware/ValidatePathEncoding.php(28): Illuminate\\Pipeline\\Pipeline->{closure:{closure:Illuminate\\Pipeline\\Pipeline::carry():194}:195}(Object(Illuminate\\Http\\Request))
#44 /Users/kayla/Desktop/2nd sem/sisdat prak/project mahaking kos/mahaking-kos/vendor/laravel/framework/src/Illuminate/Pipeline/Pipeline.php(219): Illuminate\\Http\\Middleware\\ValidatePathEncoding->handle(Object(Illuminate\\Http\\Request), Object(Closure))
#45 /Users/kayla/Desktop/2nd sem/sisdat prak/project mahaking kos/mahaking-kos/vendor/laravel/framework/src/Illuminate/Pipeline/Pipeline.php(137): Illuminate\\Pipeline\\Pipeline->{closure:{closure:Illuminate\\Pipeline\\Pipeline::carry():194}:195}(Object(Illuminate\\Http\\Request))
#46 /Users/kayla/Desktop/2nd sem/sisdat prak/project mahaking kos/mahaking-kos/vendor/laravel/framework/src/Illuminate/Foundation/Http/Kernel.php(175): Illuminate\\Pipeline\\Pipeline->then(Object(Closure))
#47 /Users/kayla/Desktop/2nd sem/sisdat prak/project mahaking kos/mahaking-kos/vendor/laravel/framework/src/Illuminate/Foundation/Http/Kernel.php(144): Illuminate\\Foundation\\Http\\Kernel->sendRequestThroughRouter(Object(Illuminate\\Http\\Request))
#48 /Users/kayla/Desktop/2nd sem/sisdat prak/project mahaking kos/mahaking-kos/vendor/laravel/framework/src/Illuminate/Foundation/Application.php(1220): Illuminate\\Foundation\\Http\\Kernel->handle(Object(Illuminate\\Http\\Request))
#49 /Users/kayla/Desktop/2nd sem/sisdat prak/project mahaking kos/mahaking-kos/public/index.php(20): Illuminate\\Foundation\\Application->handleRequest(Object(Illuminate\\Http\\Request))
#50 /Users/kayla/Desktop/2nd sem/sisdat prak/project mahaking kos/mahaking-kos/vendor/laravel/framework/src/Illuminate/Foundation/resources/server.php(23): require_once('/Users/kayla/De...')
#51 {main}

[previous exception] [object] (PDOException(code: 42S02): SQLSTATE[42S02]: Base table or view not found: 1146 Table 'mahaking_kos.sessions' doesn't exist at /Users/kayla/Desktop/2nd sem/sisdat prak/project mahaking kos/mahaking-kos/vendor/laravel/framework/src/Illuminate/Database/Connection.php:421)
[stacktrace]
#0 /Users/kayla/Desktop/2nd sem/sisdat prak/project mahaking kos/mahaking-kos/vendor/laravel/framework/src/Illuminate/Database/Connection.php(421): PDO->prepare('select * from `...')
#1 /Users/kayla/Desktop/2nd sem/sisdat prak/project mahaking kos/mahaking-kos/vendor/laravel/framework/src/Illuminate/Database/Connection.php(830): Illuminate\\Database\\Connection->{closure:Illuminate\\Database\\Connection::select():412}('select * from `...', Array)
#2 /Users/kayla/Desktop/2nd sem/sisdat prak/project mahaking kos/mahaking-kos/vendor/laravel/framework/src/Illuminate/Database/Connection.php(797): Illuminate\\Database\\Connection->runQueryCallback('select * from `...', Array, Object(Closure))
#3 /Users/kayla/Desktop/2nd sem/sisdat prak/project mahaking kos/mahaking-kos/vendor/laravel/framework/src/Illuminate/Database/Connection.php(412): Illuminate\\Database\\Connection->run('select * from `...', Array, Object(Closure))
#4 /Users/kayla/Desktop/2nd sem/sisdat prak/project mahaking kos/mahaking-kos/vendor/laravel/framework/src/Illuminate/Database/Query/Builder.php(3567): Illuminate\\Database\\Connection->select('select * from `...', Array, false, Array)
#5 /Users/kayla/Desktop/2nd sem/sisdat prak/project mahaking kos/mahaking-kos/vendor/laravel/framework/src/Illuminate/Database/Query/Builder.php(3551): Illuminate\\Database\\Query\\Builder->runSelect()
#6 /Users/kayla/Desktop/2nd sem/sisdat prak/project mahaking kos/mahaking-kos/vendor/laravel/framework/src/Illuminate/Database/Concerns/BuildsQueries.php(366): Illuminate\\Database\\Query\\Builder->get(Array)
#7 /Users/kayla/Desktop/2nd sem/sisdat prak/project mahaking kos/mahaking-kos/vendor/laravel/framework/src/Illuminate/Database/Query/Builder.php(3469): Illuminate\\Database\\Query\\Builder->first(Array)
#8 /Users/kayla/Desktop/2nd sem/sisdat prak/project mahaking kos/mahaking-kos/vendor/laravel/framework/src/Illuminate/Session/DatabaseSessionHandler.php(96): Illuminate\\Database\\Query\\Builder->find('ucKgdS4DrtbJzlu...')
#9 /Users/kayla/Desktop/2nd sem/sisdat prak/project mahaking kos/mahaking-kos/vendor/laravel/framework/src/Illuminate/Session/Store.php(128): Illuminate\\Session\\DatabaseSessionHandler->read('ucKgdS4DrtbJzlu...')
#10 /Users/kayla/Desktop/2nd sem/sisdat prak/project mahaking kos/mahaking-kos/vendor/laravel/framework/src/Illuminate/Session/Store.php(116): Illuminate\\Session\\Store->readFromHandler()
#11 /Users/kayla/Desktop/2nd sem/sisdat prak/project mahaking kos/mahaking-kos/vendor/laravel/framework/src/Illuminate/Session/Store.php(100): Illuminate\\Session\\Store->loadSession()
#12 /Users/kayla/Desktop/2nd sem/sisdat prak/project mahaking kos/mahaking-kos/vendor/laravel/framework/src/Illuminate/Session/Middleware/StartSession.php(146): Illuminate\\Session\\Store->start()
#13 /Users/kayla/Desktop/2nd sem/sisdat prak/project mahaking kos/mahaking-kos/vendor/laravel/framework/src/Illuminate/Support/helpers.php(393): Illuminate\\Session\\Middleware\\StartSession->{closure:Illuminate\\Session\\Middleware\\StartSession::startSession():143}(Object(Illuminate\\Session\\Store))
#14 /Users/kayla/Desktop/2nd sem/sisdat prak/project mahaking kos/mahaking-kos/vendor/laravel/framework/src/Illuminate/Session/Middleware/StartSession.php(143): tap(Object(Illuminate\\Session\\Store), Object(Closure))
#15 /Users/kayla/Desktop/2nd sem/sisdat prak/project mahaking kos/mahaking-kos/vendor/laravel/framework/src/Illuminate/Session/Middleware/StartSession.php(115): Illuminate\\Session\\Middleware\\StartSession->startSession(Object(Illuminate\\Http\\Request), Object(Illuminate\\Session\\Store))
#16 /Users/kayla/Desktop/2nd sem/sisdat prak/project mahaking kos/mahaking-kos/vendor/laravel/framework/src/Illuminate/Session/Middleware/StartSession.php(63): Illuminate\\Session\\Middleware\\StartSession->handleStatefulRequest(Object(Illuminate\\Http\\Request), Object(Illuminate\\Session\\Store), Object(Closure))
#17 /Users/kayla/Desktop/2nd sem/sisdat prak/project mahaking kos/mahaking-kos/vendor/laravel/framework/src/Illuminate/Pipeline/Pipeline.php(219): Illuminate\\Session\\Middleware\\StartSession->handle(Object(Illuminate\\Http\\Request), Object(Closure))
#18 /Users/kayla/Desktop/2nd sem/sisdat prak/project mahaking kos/mahaking-kos/vendor/laravel/framework/src/Illuminate/Cookie/Middleware/AddQueuedCookiesToResponse.php(36): Illuminate\\Pipeline\\Pipeline->{closure:{closure:Illuminate\\Pipeline\\Pipeline::carry():194}:195}(Object(Illuminate\\Http\\Request))
#19 /Users/kayla/Desktop/2nd sem/sisdat prak/project mahaking kos/mahaking-kos/vendor/laravel/framework/src/Illuminate/Pipeline/Pipeline.php(219): Illuminate\\Cookie\\Middleware\\AddQueuedCookiesToResponse->handle(Object(Illuminate\\Http\\Request), Object(Closure))
#20 /Users/kayla/Desktop/2nd sem/sisdat prak/project mahaking kos/mahaking-kos/vendor/laravel/framework/src/Illuminate/Cookie/Middleware/EncryptCookies.php(74): Illuminate\\Pipeline\\Pipeline->{closure:{closure:Illuminate\\Pipeline\\Pipeline::carry():194}:195}(Object(Illuminate\\Http\\Request))
#21 /Users/kayla/Desktop/2nd sem/sisdat prak/project mahaking kos/mahaking-kos/vendor/laravel/framework/src/Illuminate/Pipeline/Pipeline.php(219): Illuminate\\Cookie\\Middleware\\EncryptCookies->handle(Object(Illuminate\\Http\\Request), Object(Closure))
#22 /Users/kayla/Desktop/2nd sem/sisdat prak/project mahaking kos/mahaking-kos/vendor/laravel/framework/src/Illuminate/Pipeline/Pipeline.php(137): Illuminate\\Pipeline\\Pipeline->{closure:{closure:Illuminate\\Pipeline\\Pipeline::carry():194}:195}(Object(Illuminate\\Http\\Request))
#23 /Users/kayla/Desktop/2nd sem/sisdat prak/project mahaking kos/mahaking-kos/vendor/laravel/framework/src/Illuminate/Routing/Router.php(821): Illuminate\\Pipeline\\Pipeline->then(Object(Closure))
#24 /Users/kayla/Desktop/2nd sem/sisdat prak/project mahaking kos/mahaking-kos/vendor/laravel/framework/src/Illuminate/Routing/Router.php(800): Illuminate\\Routing\\Router->runRouteWithinStack(Object(Illuminate\\Routing\\Route), Object(Illuminate\\Http\\Request))
#25 /Users/kayla/Desktop/2nd sem/sisdat prak/project mahaking kos/mahaking-kos/vendor/laravel/framework/src/Illuminate/Routing/Router.php(764): Illuminate\\Routing\\Router->runRoute(Object(Illuminate\\Http\\Request), Object(Illuminate\\Routing\\Route))
#26 /Users/kayla/Desktop/2nd sem/sisdat prak/project mahaking kos/mahaking-kos/vendor/laravel/framework/src/Illuminate/Routing/Router.php(753): Illuminate\\Routing\\Router->dispatchToRoute(Object(Illuminate\\Http\\Request))
#27 /Users/kayla/Desktop/2nd sem/sisdat prak/project mahaking kos/mahaking-kos/vendor/laravel/framework/src/Illuminate/Foundation/Http/Kernel.php(200): Illuminate\\Routing\\Router->dispatch(Object(Illuminate\\Http\\Request))
#28 /Users/kayla/Desktop/2nd sem/sisdat prak/project mahaking kos/mahaking-kos/vendor/laravel/framework/src/Illuminate/Pipeline/Pipeline.php(180): Illuminate\\Foundation\\Http\\Kernel->{closure:Illuminate\\Foundation\\Http\\Kernel::dispatchToRouter():197}(Object(Illuminate\\Http\\Request))
#29 /Users/kayla/Desktop/2nd sem/sisdat prak/project mahaking kos/mahaking-kos/vendor/laravel/framework/src/Illuminate/Foundation/Http/Middleware/TransformsRequest.php(21): Illuminate\\Pipeline\\Pipeline->{closure:Illuminate\\Pipeline\\Pipeline::prepareDestination():178}(Object(Illuminate\\Http\\Request))
#30 /Users/kayla/Desktop/2nd sem/sisdat prak/project mahaking kos/mahaking-kos/vendor/laravel/framework/src/Illuminate/Foundation/Http/Middleware/ConvertEmptyStringsToNull.php(31): Illuminate\\Foundation\\Http\\Middleware\\TransformsRequest->handle(Object(Illuminate\\Http\\Request), Object(Closure))
#31 /Users/kayla/Desktop/2nd sem/sisdat prak/project mahaking kos/mahaking-kos/vendor/laravel/framework/src/Illuminate/Pipeline/Pipeline.php(219): Illuminate\\Foundation\\Http\\Middleware\\ConvertEmptyStringsToNull->handle(Object(Illuminate\\Http\\Request), Object(Closure))
#32 /Users/kayla/Desktop/2nd sem/sisdat prak/project mahaking kos/mahaking-kos/vendor/laravel/framework/src/Illuminate/Foundation/Http/Middleware/TransformsRequest.php(21): Illuminate\\Pipeline\\Pipeline->{closure:{closure:Illuminate\\Pipeline\\Pipeline::carry():194}:195}(Object(Illuminate\\Http\\Request))
#33 /Users/kayla/Desktop/2nd sem/sisdat prak/project mahaking kos/mahaking-kos/vendor/laravel/framework/src/Illuminate/Foundation/Http/Middleware/TrimStrings.php(51): Illuminate\\Foundation\\Http\\Middleware\\TransformsRequest->handle(Object(Illuminate\\Http\\Request), Object(Closure))
#34 /Users/kayla/Desktop/2nd sem/sisdat prak/project mahaking kos/mahaking-kos/vendor/laravel/framework/src/Illuminate/Pipeline/Pipeline.php(219): Illuminate\\Foundation\\Http\\Middleware\\TrimStrings->handle(Object(Illuminate\\Http\\Request), Object(Closure))
#35 /Users/kayla/Desktop/2nd sem/sisdat prak/project mahaking kos/mahaking-kos/vendor/laravel/framework/src/Illuminate/Http/Middleware/ValidatePostSize.php(27): Illuminate\\Pipeline\\Pipeline->{closure:{closure:Illuminate\\Pipeline\\Pipeline::carry():194}:195}(Object(Illuminate\\Http\\Request))
#36 /Users/kayla/Desktop/2nd sem/sisdat prak/project mahaking kos/mahaking-kos/vendor/laravel/framework/src/Illuminate/Pipeline/Pipeline.php(219): Illuminate\\Http\\Middleware\\ValidatePostSize->handle(Object(Illuminate\\Http\\Request), Object(Closure))
#37 /Users/kayla/Desktop/2nd sem/sisdat prak/project mahaking kos/mahaking-kos/vendor/laravel/framework/src/Illuminate/Foundation/Http/Middleware/PreventRequestsDuringMaintenance.php(109): Illuminate\\Pipeline\\Pipeline->{closure:{closure:Illuminate\\Pipeline\\Pipeline::carry():194}:195}(Object(Illuminate\\Http\\Request))
#38 /Users/kayla/Desktop/2nd sem/sisdat prak/project mahaking kos/mahaking-kos/vendor/laravel/framework/src/Illuminate/Pipeline/Pipeline.php(219): Illuminate\\Foundation\\Http\\Middleware\\PreventRequestsDuringMaintenance->handle(Object(Illuminate\\Http\\Request), Object(Closure))
#39 /Users/kayla/Desktop/2nd sem/sisdat prak/project mahaking kos/mahaking-kos/vendor/laravel/framework/src/Illuminate/Http/Middleware/HandleCors.php(61): Illuminate\\Pipeline\\Pipeline->{closure:{closure:Illuminate\\Pipeline\\Pipeline::carry():194}:195}(Object(Illuminate\\Http\\Request))
#40 /Users/kayla/Desktop/2nd sem/sisdat prak/project mahaking kos/mahaking-kos/vendor/laravel/framework/src/Illuminate/Pipeline/Pipeline.php(219): Illuminate\\Http\\Middleware\\HandleCors->handle(Object(Illuminate\\Http\\Request), Object(Closure))
#41 /Users/kayla/Desktop/2nd sem/sisdat prak/project mahaking kos/mahaking-kos/vendor/laravel/framework/src/Illuminate/Http/Middleware/TrustProxies.php(58): Illuminate\\Pipeline\\Pipeline->{closure:{closure:Illuminate\\Pipeline\\Pipeline::carry():194}:195}(Object(Illuminate\\Http\\Request))
#42 /Users/kayla/Desktop/2nd sem/sisdat prak/project mahaking kos/mahaking-kos/vendor/laravel/framework/src/Illuminate/Pipeline/Pipeline.php(219): Illuminate\\Http\\Middleware\\TrustProxies->handle(Object(Illuminate\\Http\\Request), Object(Closure))
#43 /Users/kayla/Desktop/2nd sem/sisdat prak/project mahaking kos/mahaking-kos/vendor/laravel/framework/src/Illuminate/Foundation/Http/Middleware/InvokeDeferredCallbacks.php(22): Illuminate\\Pipeline\\Pipeline->{closure:{closure:Illuminate\\Pipeline\\Pipeline::carry():194}:195}(Object(Illuminate\\Http\\Request))
#44 /Users/kayla/Desktop/2nd sem/sisdat prak/project mahaking kos/mahaking-kos/vendor/laravel/framework/src/Illuminate/Pipeline/Pipeline.php(219): Illuminate\\Foundation\\Http\\Middleware\\InvokeDeferredCallbacks->handle(Object(Illuminate\\Http\\Request), Object(Closure))
#45 /Users/kayla/Desktop/2nd sem/sisdat prak/project mahaking kos/mahaking-kos/vendor/laravel/framework/src/Illuminate/Http/Middleware/ValidatePathEncoding.php(28): Illuminate\\Pipeline\\Pipeline->{closure:{closure:Illuminate\\Pipeline\\Pipeline::carry():194}:195}(Object(Illuminate\\Http\\Request))
#46 /Users/kayla/Desktop/2nd sem/sisdat prak/project mahaking kos/mahaking-kos/vendor/laravel/framework/src/Illuminate/Pipeline/Pipeline.php(219): Illuminate\\Http\\Middleware\\ValidatePathEncoding->handle(Object(Illuminate\\Http\\Request), Object(Closure))
#47 /Users/kayla/Desktop/2nd sem/sisdat prak/project mahaking kos/mahaking-kos/vendor/laravel/framework/src/Illuminate/Pipeline/Pipeline.php(137): Illuminate\\Pipeline\\Pipeline->{closure:{closure:Illuminate\\Pipeline\\Pipeline::carry():194}:195}(Object(Illuminate\\Http\\Request))
#48 /Users/kayla/Desktop/2nd sem/sisdat prak/project mahaking kos/mahaking-kos/vendor/laravel/framework/src/Illuminate/Foundation/Http/Kernel.php(175): Illuminate\\Pipeline\\Pipeline->then(Object(Closure))
#49 /Users/kayla/Desktop/2nd sem/sisdat prak/project mahaking kos/mahaking-kos/vendor/laravel/framework/src/Illuminate/Foundation/Http/Kernel.php(144): Illuminate\\Foundation\\Http\\Kernel->sendRequestThroughRouter(Object(Illuminate\\Http\\Request))
#50 /Users/kayla/Desktop/2nd sem/sisdat prak/project mahaking kos/mahaking-kos/vendor/laravel/framework/src/Illuminate/Foundation/Application.php(1220): Illuminate\\Foundation\\Http\\Kernel->handle(Object(Illuminate\\Http\\Request))
#51 /Users/kayla/Desktop/2nd sem/sisdat prak/project mahaking kos/mahaking-kos/public/index.php(20): Illuminate\\Foundation\\Application->handleRequest(Object(Illuminate\\Http\\Request))
#52 /Users/kayla/Desktop/2nd sem/sisdat prak/project mahaking kos/mahaking-kos/vendor/laravel/framework/src/Illuminate/Foundation/resources/server.php(23): require_once('/Users/kayla/De...')
#53 {main}
"} 
[2026-05-26 14:11:56] local.ERROR: SQLSTATE[42S02]: Base table or view not found: 1146 Table 'mahaking_kos.sessions' doesn't exist (Connection: mysql, Host: 127.0.0.1, Port: 8889, Database: mahaking_kos, SQL: select * from `sessions` where `id` = B78J0lMy7WJyURQZHJtyzYBLV2vJKZtNcgac4Rn9 limit 1) {"exception":"[object] (Illuminate\\Database\\QueryException(code: 42S02): SQLSTATE[42S02]: Base table or view not found: 1146 Table 'mahaking_kos.sessions' doesn't exist (Connection: mysql, Host: 127.0.0.1, Port: 8889, Database: mahaking_kos, SQL: select * from `sessions` where `id` = B78J0lMy7WJyURQZHJtyzYBLV2vJKZtNcgac4Rn9 limit 1) at /Users/kayla/Desktop/2nd sem/sisdat prak/project mahaking kos/mahaking-kos/vendor/laravel/framework/src/Illuminate/Database/Connection.php:841)
[stacktrace]
#0 /Users/kayla/Desktop/2nd sem/sisdat prak/project mahaking kos/mahaking-kos/vendor/laravel/framework/src/Illuminate/Database/Connection.php(797): Illuminate\\Database\\Connection->runQueryCallback('select * from `...', Array, Object(Closure))
#1 /Users/kayla/Desktop/2nd sem/sisdat prak/project mahaking kos/mahaking-kos/vendor/laravel/framework/src/Illuminate/Database/Connection.php(412): Illuminate\\Database\\Connection->run('select * from `...', Array, Object(Closure))
#2 /Users/kayla/Desktop/2nd sem/sisdat prak/project mahaking kos/mahaking-kos/vendor/laravel/framework/src/Illuminate/Database/Query/Builder.php(3567): Illuminate\\Database\\Connection->select('select * from `...', Array, false, Array)
#3 /Users/kayla/Desktop/2nd sem/sisdat prak/project mahaking kos/mahaking-kos/vendor/laravel/framework/src/Illuminate/Database/Query/Builder.php(3551): Illuminate\\Database\\Query\\Builder->runSelect()
#4 /Users/kayla/Desktop/2nd sem/sisdat prak/project mahaking kos/mahaking-kos/vendor/laravel/framework/src/Illuminate/Database/Concerns/BuildsQueries.php(366): Illuminate\\Database\\Query\\Builder->get(Array)
#5 /Users/kayla/Desktop/2nd sem/sisdat prak/project mahaking kos/mahaking-kos/vendor/laravel/framework/src/Illuminate/Database/Query/Builder.php(3469): Illuminate\\Database\\Query\\Builder->first(Array)
#6 /Users/kayla/Desktop/2nd sem/sisdat prak/project mahaking kos/mahaking-kos/vendor/laravel/framework/src/Illuminate/Session/DatabaseSessionHandler.php(96): Illuminate\\Database\\Query\\Builder->find('B78J0lMy7WJyURQ...')
#7 /Users/kayla/Desktop/2nd sem/sisdat prak/project mahaking kos/mahaking-kos/vendor/laravel/framework/src/Illuminate/Session/Store.php(128): Illuminate\\Session\\DatabaseSessionHandler->read('B78J0lMy7WJyURQ...')
#8 /Users/kayla/Desktop/2nd sem/sisdat prak/project mahaking kos/mahaking-kos/vendor/laravel/framework/src/Illuminate/Session/Store.php(116): Illuminate\\Session\\Store->readFromHandler()
#9 /Users/kayla/Desktop/2nd sem/sisdat prak/project mahaking kos/mahaking-kos/vendor/laravel/framework/src/Illuminate/Session/Store.php(100): Illuminate\\Session\\Store->loadSession()
#10 /Users/kayla/Desktop/2nd sem/sisdat prak/project mahaking kos/mahaking-kos/vendor/laravel/framework/src/Illuminate/Session/Middleware/StartSession.php(146): Illuminate\\Session\\Store->start()
#11 /Users/kayla/Desktop/2nd sem/sisdat prak/project mahaking kos/mahaking-kos/vendor/laravel/framework/src/Illuminate/Support/helpers.php(393): Illuminate\\Session\\Middleware\\StartSession->{closure:Illuminate\\Session\\Middleware\\StartSession::startSession():143}(Object(Illuminate\\Session\\Store))
#12 /Users/kayla/Desktop/2nd sem/sisdat prak/project mahaking kos/mahaking-kos/vendor/laravel/framework/src/Illuminate/Session/Middleware/StartSession.php(143): tap(Object(Illuminate\\Session\\Store), Object(Closure))
#13 /Users/kayla/Desktop/2nd sem/sisdat prak/project mahaking kos/mahaking-kos/vendor/laravel/framework/src/Illuminate/Session/Middleware/StartSession.php(115): Illuminate\\Session\\Middleware\\StartSession->startSession(Object(Illuminate\\Http\\Request), Object(Illuminate\\Session\\Store))
#14 /Users/kayla/Desktop/2nd sem/sisdat prak/project mahaking kos/mahaking-kos/vendor/laravel/framework/src/Illuminate/Session/Middleware/StartSession.php(63): Illuminate\\Session\\Middleware\\StartSession->handleStatefulRequest(Object(Illuminate\\Http\\Request), Object(Illuminate\\Session\\Store), Object(Closure))
#15 /Users/kayla/Desktop/2nd sem/sisdat prak/project mahaking kos/mahaking-kos/vendor/laravel/framework/src/Illuminate/Pipeline/Pipeline.php(219): Illuminate\\Session\\Middleware\\StartSession->handle(Object(Illuminate\\Http\\Request), Object(Closure))
#16 /Users/kayla/Desktop/2nd sem/sisdat prak/project mahaking kos/mahaking-kos/vendor/laravel/framework/src/Illuminate/Cookie/Middleware/AddQueuedCookiesToResponse.php(36): Illuminate\\Pipeline\\Pipeline->{closure:{closure:Illuminate\\Pipeline\\Pipeline::carry():194}:195}(Object(Illuminate\\Http\\Request))
#17 /Users/kayla/Desktop/2nd sem/sisdat prak/project mahaking kos/mahaking-kos/vendor/laravel/framework/src/Illuminate/Pipeline/Pipeline.php(219): Illuminate\\Cookie\\Middleware\\AddQueuedCookiesToResponse->handle(Object(Illuminate\\Http\\Request), Object(Closure))
#18 /Users/kayla/Desktop/2nd sem/sisdat prak/project mahaking kos/mahaking-kos/vendor/laravel/framework/src/Illuminate/Cookie/Middleware/EncryptCookies.php(74): Illuminate\\Pipeline\\Pipeline->{closure:{closure:Illuminate\\Pipeline\\Pipeline::carry():194}:195}(Object(Illuminate\\Http\\Request))
#19 /Users/kayla/Desktop/2nd sem/sisdat prak/project mahaking kos/mahaking-kos/vendor/laravel/framework/src/Illuminate/Pipeline/Pipeline.php(219): Illuminate\\Cookie\\Middleware\\EncryptCookies->handle(Object(Illuminate\\Http\\Request), Object(Closure))
#20 /Users/kayla/Desktop/2nd sem/sisdat prak/project mahaking kos/mahaking-kos/vendor/laravel/framework/src/Illuminate/Pipeline/Pipeline.php(137): Illuminate\\Pipeline\\Pipeline->{closure:{closure:Illuminate\\Pipeline\\Pipeline::carry():194}:195}(Object(Illuminate\\Http\\Request))
#21 /Users/kayla/Desktop/2nd sem/sisdat prak/project mahaking kos/mahaking-kos/vendor/laravel/framework/src/Illuminate/Routing/Router.php(821): Illuminate\\Pipeline\\Pipeline->then(Object(Closure))
#22 /Users/kayla/Desktop/2nd sem/sisdat prak/project mahaking kos/mahaking-kos/vendor/laravel/framework/src/Illuminate/Routing/Router.php(800): Illuminate\\Routing\\Router->runRouteWithinStack(Object(Illuminate\\Routing\\Route), Object(Illuminate\\Http\\Request))
#23 /Users/kayla/Desktop/2nd sem/sisdat prak/project mahaking kos/mahaking-kos/vendor/laravel/framework/src/Illuminate/Routing/Router.php(764): Illuminate\\Routing\\Router->runRoute(Object(Illuminate\\Http\\Request), Object(Illuminate\\Routing\\Route))
#24 /Users/kayla/Desktop/2nd sem/sisdat prak/project mahaking kos/mahaking-kos/vendor/laravel/framework/src/Illuminate/Routing/Router.php(753): Illuminate\\Routing\\Router->dispatchToRoute(Object(Illuminate\\Http\\Request))
#25 /Users/kayla/Desktop/2nd sem/sisdat prak/project mahaking kos/mahaking-kos/vendor/laravel/framework/src/Illuminate/Foundation/Http/Kernel.php(200): Illuminate\\Routing\\Router->dispatch(Object(Illuminate\\Http\\Request))
#26 /Users/kayla/Desktop/2nd sem/sisdat prak/project mahaking kos/mahaking-kos/vendor/laravel/framework/src/Illuminate/Pipeline/Pipeline.php(180): Illuminate\\Foundation\\Http\\Kernel->{closure:Illuminate\\Foundation\\Http\\Kernel::dispatchToRouter():197}(Object(Illuminate\\Http\\Request))
#27 /Users/kayla/Desktop/2nd sem/sisdat prak/project mahaking kos/mahaking-kos/vendor/laravel/framework/src/Illuminate/Foundation/Http/Middleware/TransformsRequest.php(21): Illuminate\\Pipeline\\Pipeline->{closure:Illuminate\\Pipeline\\Pipeline::prepareDestination():178}(Object(Illuminate\\Http\\Request))
#28 /Users/kayla/Desktop/2nd sem/sisdat prak/project mahaking kos/mahaking-kos/vendor/laravel/framework/src/Illuminate/Foundation/Http/Middleware/ConvertEmptyStringsToNull.php(31): Illuminate\\Foundation\\Http\\Middleware\\TransformsRequest->handle(Object(Illuminate\\Http\\Request), Object(Closure))
#29 /Users/kayla/Desktop/2nd sem/sisdat prak/project mahaking kos/mahaking-kos/vendor/laravel/framework/src/Illuminate/Pipeline/Pipeline.php(219): Illuminate\\Foundation\\Http\\Middleware\\ConvertEmptyStringsToNull->handle(Object(Illuminate\\Http\\Request), Object(Closure))
#30 /Users/kayla/Desktop/2nd sem/sisdat prak/project mahaking kos/mahaking-kos/vendor/laravel/framework/src/Illuminate/Foundation/Http/Middleware/TransformsRequest.php(21): Illuminate\\Pipeline\\Pipeline->{closure:{closure:Illuminate\\Pipeline\\Pipeline::carry():194}:195}(Object(Illuminate\\Http\\Request))
#31 /Users/kayla/Desktop/2nd sem/sisdat prak/project mahaking kos/mahaking-kos/vendor/laravel/framework/src/Illuminate/Foundation/Http/Middleware/TrimStrings.php(51): Illuminate\\Foundation\\Http\\Middleware\\TransformsRequest->handle(Object(Illuminate\\Http\\Request), Object(Closure))
#32 /Users/kayla/Desktop/2nd sem/sisdat prak/project mahaking kos/mahaking-kos/vendor/laravel/framework/src/Illuminate/Pipeline/Pipeline.php(219): Illuminate\\Foundation\\Http\\Middleware\\TrimStrings->handle(Object(Illuminate\\Http\\Request), Object(Closure))
#33 /Users/kayla/Desktop/2nd sem/sisdat prak/project mahaking kos/mahaking-kos/vendor/laravel/framework/src/Illuminate/Http/Middleware/ValidatePostSize.php(27): Illuminate\\Pipeline\\Pipeline->{closure:{closure:Illuminate\\Pipeline\\Pipeline::carry():194}:195}(Object(Illuminate\\Http\\Request))
#34 /Users/kayla/Desktop/2nd sem/sisdat prak/project mahaking kos/mahaking-kos/vendor/laravel/framework/src/Illuminate/Pipeline/Pipeline.php(219): Illuminate\\Http\\Middleware\\ValidatePostSize->handle(Object(Illuminate\\Http\\Request), Object(Closure))
#35 /Users/kayla/Desktop/2nd sem/sisdat prak/project mahaking kos/mahaking-kos/vendor/laravel/framework/src/Illuminate/Foundation/Http/Middleware/PreventRequestsDuringMaintenance.php(109): Illuminate\\Pipeline\\Pipeline->{closure:{closure:Illuminate\\Pipeline\\Pipeline::carry():194}:195}(Object(Illuminate\\Http\\Request))
#36 /Users/kayla/Desktop/2nd sem/sisdat prak/project mahaking kos/mahaking-kos/vendor/laravel/framework/src/Illuminate/Pipeline/Pipeline.php(219): Illuminate\\Foundation\\Http\\Middleware\\PreventRequestsDuringMaintenance->handle(Object(Illuminate\\Http\\Request), Object(Closure))
#37 /Users/kayla/Desktop/2nd sem/sisdat prak/project mahaking kos/mahaking-kos/vendor/laravel/framework/src/Illuminate/Http/Middleware/HandleCors.php(61): Illuminate\\Pipeline\\Pipeline->{closure:{closure:Illuminate\\Pipeline\\Pipeline::carry():194}:195}(Object(Illuminate\\Http\\Request))
#38 /Users/kayla/Desktop/2nd sem/sisdat prak/project mahaking kos/mahaking-kos/vendor/laravel/framework/src/Illuminate/Pipeline/Pipeline.php(219): Illuminate\\Http\\Middleware\\HandleCors->handle(Object(Illuminate\\Http\\Request), Object(Closure))
#39 /Users/kayla/Desktop/2nd sem/sisdat prak/project mahaking kos/mahaking-kos/vendor/laravel/framework/src/Illuminate/Http/Middleware/TrustProxies.php(58): Illuminate\\Pipeline\\Pipeline->{closure:{closure:Illuminate\\Pipeline\\Pipeline::carry():194}:195}(Object(Illuminate\\Http\\Request))
#40 /Users/kayla/Desktop/2nd sem/sisdat prak/project mahaking kos/mahaking-kos/vendor/laravel/framework/src/Illuminate/Pipeline/Pipeline.php(219): Illuminate\\Http\\Middleware\\TrustProxies->handle(Object(Illuminate\\Http\\Request), Object(Closure))
#41 /Users/kayla/Desktop/2nd sem/sisdat prak/project mahaking kos/mahaking-kos/vendor/laravel/framework/src/Illuminate/Foundation/Http/Middleware/InvokeDeferredCallbacks.php(22): Illuminate\\Pipeline\\Pipeline->{closure:{closure:Illuminate\\Pipeline\\Pipeline::carry():194}:195}(Object(Illuminate\\Http\\Request))
#42 /Users/kayla/Desktop/2nd sem/sisdat prak/project mahaking kos/mahaking-kos/vendor/laravel/framework/src/Illuminate/Pipeline/Pipeline.php(219): Illuminate\\Foundation\\Http\\Middleware\\InvokeDeferredCallbacks->handle(Object(Illuminate\\Http\\Request), Object(Closure))
#43 /Users/kayla/Desktop/2nd sem/sisdat prak/project mahaking kos/mahaking-kos/vendor/laravel/framework/src/Illuminate/Http/Middleware/ValidatePathEncoding.php(28): Illuminate\\Pipeline\\Pipeline->{closure:{closure:Illuminate\\Pipeline\\Pipeline::carry():194}:195}(Object(Illuminate\\Http\\Request))
#44 /Users/kayla/Desktop/2nd sem/sisdat prak/project mahaking kos/mahaking-kos/vendor/laravel/framework/src/Illuminate/Pipeline/Pipeline.php(219): Illuminate\\Http\\Middleware\\ValidatePathEncoding->handle(Object(Illuminate\\Http\\Request), Object(Closure))
#45 /Users/kayla/Desktop/2nd sem/sisdat prak/project mahaking kos/mahaking-kos/vendor/laravel/framework/src/Illuminate/Pipeline/Pipeline.php(137): Illuminate\\Pipeline\\Pipeline->{closure:{closure:Illuminate\\Pipeline\\Pipeline::carry():194}:195}(Object(Illuminate\\Http\\Request))
#46 /Users/kayla/Desktop/2nd sem/sisdat prak/project mahaking kos/mahaking-kos/vendor/laravel/framework/src/Illuminate/Foundation/Http/Kernel.php(175): Illuminate\\Pipeline\\Pipeline->then(Object(Closure))
#47 /Users/kayla/Desktop/2nd sem/sisdat prak/project mahaking kos/mahaking-kos/vendor/laravel/framework/src/Illuminate/Foundation/Http/Kernel.php(144): Illuminate\\Foundation\\Http\\Kernel->sendRequestThroughRouter(Object(Illuminate\\Http\\Request))
#48 /Users/kayla/Desktop/2nd sem/sisdat prak/project mahaking kos/mahaking-kos/vendor/laravel/framework/src/Illuminate/Foundation/Application.php(1220): Illuminate\\Foundation\\Http\\Kernel->handle(Object(Illuminate\\Http\\Request))
#49 /Users/kayla/Desktop/2nd sem/sisdat prak/project mahaking kos/mahaking-kos/public/index.php(20): Illuminate\\Foundation\\Application->handleRequest(Object(Illuminate\\Http\\Request))
#50 /Users/kayla/Desktop/2nd sem/sisdat prak/project mahaking kos/mahaking-kos/vendor/laravel/framework/src/Illuminate/Foundation/resources/server.php(23): require_once('/Users/kayla/De...')
#51 {main}

[previous exception] [object] (PDOException(code: 42S02): SQLSTATE[42S02]: Base table or view not found: 1146 Table 'mahaking_kos.sessions' doesn't exist at /Users/kayla/Desktop/2nd sem/sisdat prak/project mahaking kos/mahaking-kos/vendor/laravel/framework/src/Illuminate/Database/Connection.php:421)
[stacktrace]
#0 /Users/kayla/Desktop/2nd sem/sisdat prak/project mahaking kos/mahaking-kos/vendor/laravel/framework/src/Illuminate/Database/Connection.php(421): PDO->prepare('select * from `...')
#1 /Users/kayla/Desktop/2nd sem/sisdat prak/project mahaking kos/mahaking-kos/vendor/laravel/framework/src/Illuminate/Database/Connection.php(830): Illuminate\\Database\\Connection->{closure:Illuminate\\Database\\Connection::select():412}('select * from `...', Array)
#2 /Users/kayla/Desktop/2nd sem/sisdat prak/project mahaking kos/mahaking-kos/vendor/laravel/framework/src/Illuminate/Database/Connection.php(797): Illuminate\\Database\\Connection->runQueryCallback('select * from `...', Array, Object(Closure))
#3 /Users/kayla/Desktop/2nd sem/sisdat prak/project mahaking kos/mahaking-kos/vendor/laravel/framework/src/Illuminate/Database/Connection.php(412): Illuminate\\Database\\Connection->run('select * from `...', Array, Object(Closure))
#4 /Users/kayla/Desktop/2nd sem/sisdat prak/project mahaking kos/mahaking-kos/vendor/laravel/framework/src/Illuminate/Database/Query/Builder.php(3567): Illuminate\\Database\\Connection->select('select * from `...', Array, false, Array)
#5 /Users/kayla/Desktop/2nd sem/sisdat prak/project mahaking kos/mahaking-kos/vendor/laravel/framework/src/Illuminate/Database/Query/Builder.php(3551): Illuminate\\Database\\Query\\Builder->runSelect()
#6 /Users/kayla/Desktop/2nd sem/sisdat prak/project mahaking kos/mahaking-kos/vendor/laravel/framework/src/Illuminate/Database/Concerns/BuildsQueries.php(366): Illuminate\\Database\\Query\\Builder->get(Array)
#7 /Users/kayla/Desktop/2nd sem/sisdat prak/project mahaking kos/mahaking-kos/vendor/laravel/framework/src/Illuminate/Database/Query/Builder.php(3469): Illuminate\\Database\\Query\\Builder->first(Array)
#8 /Users/kayla/Desktop/2nd sem/sisdat prak/project mahaking kos/mahaking-kos/vendor/laravel/framework/src/Illuminate/Session/DatabaseSessionHandler.php(96): Illuminate\\Database\\Query\\Builder->find('B78J0lMy7WJyURQ...')
#9 /Users/kayla/Desktop/2nd sem/sisdat prak/project mahaking kos/mahaking-kos/vendor/laravel/framework/src/Illuminate/Session/Store.php(128): Illuminate\\Session\\DatabaseSessionHandler->read('B78J0lMy7WJyURQ...')
#10 /Users/kayla/Desktop/2nd sem/sisdat prak/project mahaking kos/mahaking-kos/vendor/laravel/framework/src/Illuminate/Session/Store.php(116): Illuminate\\Session\\Store->readFromHandler()
#11 /Users/kayla/Desktop/2nd sem/sisdat prak/project mahaking kos/mahaking-kos/vendor/laravel/framework/src/Illuminate/Session/Store.php(100): Illuminate\\Session\\Store->loadSession()
#12 /Users/kayla/Desktop/2nd sem/sisdat prak/project mahaking kos/mahaking-kos/vendor/laravel/framework/src/Illuminate/Session/Middleware/StartSession.php(146): Illuminate\\Session\\Store->start()
#13 /Users/kayla/Desktop/2nd sem/sisdat prak/project mahaking kos/mahaking-kos/vendor/laravel/framework/src/Illuminate/Support/helpers.php(393): Illuminate\\Session\\Middleware\\StartSession->{closure:Illuminate\\Session\\Middleware\\StartSession::startSession():143}(Object(Illuminate\\Session\\Store))
#14 /Users/kayla/Desktop/2nd sem/sisdat prak/project mahaking kos/mahaking-kos/vendor/laravel/framework/src/Illuminate/Session/Middleware/StartSession.php(143): tap(Object(Illuminate\\Session\\Store), Object(Closure))
#15 /Users/kayla/Desktop/2nd sem/sisdat prak/project mahaking kos/mahaking-kos/vendor/laravel/framework/src/Illuminate/Session/Middleware/StartSession.php(115): Illuminate\\Session\\Middleware\\StartSession->startSession(Object(Illuminate\\Http\\Request), Object(Illuminate\\Session\\Store))
#16 /Users/kayla/Desktop/2nd sem/sisdat prak/project mahaking kos/mahaking-kos/vendor/laravel/framework/src/Illuminate/Session/Middleware/StartSession.php(63): Illuminate\\Session\\Middleware\\StartSession->handleStatefulRequest(Object(Illuminate\\Http\\Request), Object(Illuminate\\Session\\Store), Object(Closure))
#17 /Users/kayla/Desktop/2nd sem/sisdat prak/project mahaking kos/mahaking-kos/vendor/laravel/framework/src/Illuminate/Pipeline/Pipeline.php(219): Illuminate\\Session\\Middleware\\StartSession->handle(Object(Illuminate\\Http\\Request), Object(Closure))
#18 /Users/kayla/Desktop/2nd sem/sisdat prak/project mahaking kos/mahaking-kos/vendor/laravel/framework/src/Illuminate/Cookie/Middleware/AddQueuedCookiesToResponse.php(36): Illuminate\\Pipeline\\Pipeline->{closure:{closure:Illuminate\\Pipeline\\Pipeline::carry():194}:195}(Object(Illuminate\\Http\\Request))
#19 /Users/kayla/Desktop/2nd sem/sisdat prak/project mahaking kos/mahaking-kos/vendor/laravel/framework/src/Illuminate/Pipeline/Pipeline.php(219): Illuminate\\Cookie\\Middleware\\AddQueuedCookiesToResponse->handle(Object(Illuminate\\Http\\Request), Object(Closure))
#20 /Users/kayla/Desktop/2nd sem/sisdat prak/project mahaking kos/mahaking-kos/vendor/laravel/framework/src/Illuminate/Cookie/Middleware/EncryptCookies.php(74): Illuminate\\Pipeline\\Pipeline->{closure:{closure:Illuminate\\Pipeline\\Pipeline::carry():194}:195}(Object(Illuminate\\Http\\Request))
#21 /Users/kayla/Desktop/2nd sem/sisdat prak/project mahaking kos/mahaking-kos/vendor/laravel/framework/src/Illuminate/Pipeline/Pipeline.php(219): Illuminate\\Cookie\\Middleware\\EncryptCookies->handle(Object(Illuminate\\Http\\Request), Object(Closure))
#22 /Users/kayla/Desktop/2nd sem/sisdat prak/project mahaking kos/mahaking-kos/vendor/laravel/framework/src/Illuminate/Pipeline/Pipeline.php(137): Illuminate\\Pipeline\\Pipeline->{closure:{closure:Illuminate\\Pipeline\\Pipeline::carry():194}:195}(Object(Illuminate\\Http\\Request))
#23 /Users/kayla/Desktop/2nd sem/sisdat prak/project mahaking kos/mahaking-kos/vendor/laravel/framework/src/Illuminate/Routing/Router.php(821): Illuminate\\Pipeline\\Pipeline->then(Object(Closure))
#24 /Users/kayla/Desktop/2nd sem/sisdat prak/project mahaking kos/mahaking-kos/vendor/laravel/framework/src/Illuminate/Routing/Router.php(800): Illuminate\\Routing\\Router->runRouteWithinStack(Object(Illuminate\\Routing\\Route), Object(Illuminate\\Http\\Request))
#25 /Users/kayla/Desktop/2nd sem/sisdat prak/project mahaking kos/mahaking-kos/vendor/laravel/framework/src/Illuminate/Routing/Router.php(764): Illuminate\\Routing\\Router->runRoute(Object(Illuminate\\Http\\Request), Object(Illuminate\\Routing\\Route))
#26 /Users/kayla/Desktop/2nd sem/sisdat prak/project mahaking kos/mahaking-kos/vendor/laravel/framework/src/Illuminate/Routing/Router.php(753): Illuminate\\Routing\\Router->dispatchToRoute(Object(Illuminate\\Http\\Request))
#27 /Users/kayla/Desktop/2nd sem/sisdat prak/project mahaking kos/mahaking-kos/vendor/laravel/framework/src/Illuminate/Foundation/Http/Kernel.php(200): Illuminate\\Routing\\Router->dispatch(Object(Illuminate\\Http\\Request))
#28 /Users/kayla/Desktop/2nd sem/sisdat prak/project mahaking kos/mahaking-kos/vendor/laravel/framework/src/Illuminate/Pipeline/Pipeline.php(180): Illuminate\\Foundation\\Http\\Kernel->{closure:Illuminate\\Foundation\\Http\\Kernel::dispatchToRouter():197}(Object(Illuminate\\Http\\Request))
#29 /Users/kayla/Desktop/2nd sem/sisdat prak/project mahaking kos/mahaking-kos/vendor/laravel/framework/src/Illuminate/Foundation/Http/Middleware/TransformsRequest.php(21): Illuminate\\Pipeline\\Pipeline->{closure:Illuminate\\Pipeline\\Pipeline::prepareDestination():178}(Object(Illuminate\\Http\\Request))
#30 /Users/kayla/Desktop/2nd sem/sisdat prak/project mahaking kos/mahaking-kos/vendor/laravel/framework/src/Illuminate/Foundation/Http/Middleware/ConvertEmptyStringsToNull.php(31): Illuminate\\Foundation\\Http\\Middleware\\TransformsRequest->handle(Object(Illuminate\\Http\\Request), Object(Closure))
#31 /Users/kayla/Desktop/2nd sem/sisdat prak/project mahaking kos/mahaking-kos/vendor/laravel/framework/src/Illuminate/Pipeline/Pipeline.php(219): Illuminate\\Foundation\\Http\\Middleware\\ConvertEmptyStringsToNull->handle(Object(Illuminate\\Http\\Request), Object(Closure))
#32 /Users/kayla/Desktop/2nd sem/sisdat prak/project mahaking kos/mahaking-kos/vendor/laravel/framework/src/Illuminate/Foundation/Http/Middleware/TransformsRequest.php(21): Illuminate\\Pipeline\\Pipeline->{closure:{closure:Illuminate\\Pipeline\\Pipeline::carry():194}:195}(Object(Illuminate\\Http\\Request))
#33 /Users/kayla/Desktop/2nd sem/sisdat prak/project mahaking kos/mahaking-kos/vendor/laravel/framework/src/Illuminate/Foundation/Http/Middleware/TrimStrings.php(51): Illuminate\\Foundation\\Http\\Middleware\\TransformsRequest->handle(Object(Illuminate\\Http\\Request), Object(Closure))
#34 /Users/kayla/Desktop/2nd sem/sisdat prak/project mahaking kos/mahaking-kos/vendor/laravel/framework/src/Illuminate/Pipeline/Pipeline.php(219): Illuminate\\Foundation\\Http\\Middleware\\TrimStrings->handle(Object(Illuminate\\Http\\Request), Object(Closure))
#35 /Users/kayla/Desktop/2nd sem/sisdat prak/project mahaking kos/mahaking-kos/vendor/laravel/framework/src/Illuminate/Http/Middleware/ValidatePostSize.php(27): Illuminate\\Pipeline\\Pipeline->{closure:{closure:Illuminate\\Pipeline\\Pipeline::carry():194}:195}(Object(Illuminate\\Http\\Request))
#36 /Users/kayla/Desktop/2nd sem/sisdat prak/project mahaking kos/mahaking-kos/vendor/laravel/framework/src/Illuminate/Pipeline/Pipeline.php(219): Illuminate\\Http\\Middleware\\ValidatePostSize->handle(Object(Illuminate\\Http\\Request), Object(Closure))
#37 /Users/kayla/Desktop/2nd sem/sisdat prak/project mahaking kos/mahaking-kos/vendor/laravel/framework/src/Illuminate/Foundation/Http/Middleware/PreventRequestsDuringMaintenance.php(109): Illuminate\\Pipeline\\Pipeline->{closure:{closure:Illuminate\\Pipeline\\Pipeline::carry():194}:195}(Object(Illuminate\\Http\\Request))
#38 /Users/kayla/Desktop/2nd sem/sisdat prak/project mahaking kos/mahaking-kos/vendor/laravel/framework/src/Illuminate/Pipeline/Pipeline.php(219): Illuminate\\Foundation\\Http\\Middleware\\PreventRequestsDuringMaintenance->handle(Object(Illuminate\\Http\\Request), Object(Closure))
#39 /Users/kayla/Desktop/2nd sem/sisdat prak/project mahaking kos/mahaking-kos/vendor/laravel/framework/src/Illuminate/Http/Middleware/HandleCors.php(61): Illuminate\\Pipeline\\Pipeline->{closure:{closure:Illuminate\\Pipeline\\Pipeline::carry():194}:195}(Object(Illuminate\\Http\\Request))
#40 /Users/kayla/Desktop/2nd sem/sisdat prak/project mahaking kos/mahaking-kos/vendor/laravel/framework/src/Illuminate/Pipeline/Pipeline.php(219): Illuminate\\Http\\Middleware\\HandleCors->handle(Object(Illuminate\\Http\\Request), Object(Closure))
#41 /Users/kayla/Desktop/2nd sem/sisdat prak/project mahaking kos/mahaking-kos/vendor/laravel/framework/src/Illuminate/Http/Middleware/TrustProxies.php(58): Illuminate\\Pipeline\\Pipeline->{closure:{closure:Illuminate\\Pipeline\\Pipeline::carry():194}:195}(Object(Illuminate\\Http\\Request))
#42 /Users/kayla/Desktop/2nd sem/sisdat prak/project mahaking kos/mahaking-kos/vendor/laravel/framework/src/Illuminate/Pipeline/Pipeline.php(219): Illuminate\\Http\\Middleware\\TrustProxies->handle(Object(Illuminate\\Http\\Request), Object(Closure))
#43 /Users/kayla/Desktop/2nd sem/sisdat prak/project mahaking kos/mahaking-kos/vendor/laravel/framework/src/Illuminate/Foundation/Http/Middleware/InvokeDeferredCallbacks.php(22): Illuminate\\Pipeline\\Pipeline->{closure:{closure:Illuminate\\Pipeline\\Pipeline::carry():194}:195}(Object(Illuminate\\Http\\Request))
#44 /Users/kayla/Desktop/2nd sem/sisdat prak/project mahaking kos/mahaking-kos/vendor/laravel/framework/src/Illuminate/Pipeline/Pipeline.php(219): Illuminate\\Foundation\\Http\\Middleware\\InvokeDeferredCallbacks->handle(Object(Illuminate\\Http\\Request), Object(Closure))
#45 /Users/kayla/Desktop/2nd sem/sisdat prak/project mahaking kos/mahaking-kos/vendor/laravel/framework/src/Illuminate/Http/Middleware/ValidatePathEncoding.php(28): Illuminate\\Pipeline\\Pipeline->{closure:{closure:Illuminate\\Pipeline\\Pipeline::carry():194}:195}(Object(Illuminate\\Http\\Request))
#46 /Users/kayla/Desktop/2nd sem/sisdat prak/project mahaking kos/mahaking-kos/vendor/laravel/framework/src/Illuminate/Pipeline/Pipeline.php(219): Illuminate\\Http\\Middleware\\ValidatePathEncoding->handle(Object(Illuminate\\Http\\Request), Object(Closure))
#47 /Users/kayla/Desktop/2nd sem/sisdat prak/project mahaking kos/mahaking-kos/vendor/laravel/framework/src/Illuminate/Pipeline/Pipeline.php(137): Illuminate\\Pipeline\\Pipeline->{closure:{closure:Illuminate\\Pipeline\\Pipeline::carry():194}:195}(Object(Illuminate\\Http\\Request))
#48 /Users/kayla/Desktop/2nd sem/sisdat prak/project mahaking kos/mahaking-kos/vendor/laravel/framework/src/Illuminate/Foundation/Http/Kernel.php(175): Illuminate\\Pipeline\\Pipeline->then(Object(Closure))
#49 /Users/kayla/Desktop/2nd sem/sisdat prak/project mahaking kos/mahaking-kos/vendor/laravel/framework/src/Illuminate/Foundation/Http/Kernel.php(144): Illuminate\\Foundation\\Http\\Kernel->sendRequestThroughRouter(Object(Illuminate\\Http\\Request))
#50 /Users/kayla/Desktop/2nd sem/sisdat prak/project mahaking kos/mahaking-kos/vendor/laravel/framework/src/Illuminate/Foundation/Application.php(1220): Illuminate\\Foundation\\Http\\Kernel->handle(Object(Illuminate\\Http\\Request))
#51 /Users/kayla/Desktop/2nd sem/sisdat prak/project mahaking kos/mahaking-kos/public/index.php(20): Illuminate\\Foundation\\Application->handleRequest(Object(Illuminate\\Http\\Request))
#52 /Users/kayla/Desktop/2nd sem/sisdat prak/project mahaking kos/mahaking-kos/vendor/laravel/framework/src/Illuminate/Foundation/resources/server.php(23): require_once('/Users/kayla/De...')
#53 {main}
"} 
[2026-05-26 14:12:21] local.ERROR: SQLSTATE[42S02]: Base table or view not found: 1146 Table 'mahaking_kos.sessions' doesn't exist (Connection: mysql, Host: 127.0.0.1, Port: 8889, Database: mahaking_kos, SQL: select * from `sessions` where `id` = feLCA2M0VLkztXDm1bD6WJyozCZWjoXTMT3BS4Ms limit 1) {"exception":"[object] (Illuminate\\Database\\QueryException(code: 42S02): SQLSTATE[42S02]: Base table or view not found: 1146 Table 'mahaking_kos.sessions' doesn't exist (Connection: mysql, Host: 127.0.0.1, Port: 8889, Database: mahaking_kos, SQL: select * from `sessions` where `id` = feLCA2M0VLkztXDm1bD6WJyozCZWjoXTMT3BS4Ms limit 1) at /Users/kayla/Desktop/2nd sem/sisdat prak/project mahaking kos/mahaking-kos/vendor/laravel/framework/src/Illuminate/Database/Connection.php:841)
[stacktrace]
#0 /Users/kayla/Desktop/2nd sem/sisdat prak/project mahaking kos/mahaking-kos/vendor/laravel/framework/src/Illuminate/Database/Connection.php(797): Illuminate\\Database\\Connection->runQueryCallback('select * from `...', Array, Object(Closure))
#1 /Users/kayla/Desktop/2nd sem/sisdat prak/project mahaking kos/mahaking-kos/vendor/laravel/framework/src/Illuminate/Database/Connection.php(412): Illuminate\\Database\\Connection->run('select * from `...', Array, Object(Closure))
#2 /Users/kayla/Desktop/2nd sem/sisdat prak/project mahaking kos/mahaking-kos/vendor/laravel/framework/src/Illuminate/Database/Query/Builder.php(3567): Illuminate\\Database\\Connection->select('select * from `...', Array, false, Array)
#3 /Users/kayla/Desktop/2nd sem/sisdat prak/project mahaking kos/mahaking-kos/vendor/laravel/framework/src/Illuminate/Database/Query/Builder.php(3551): Illuminate\\Database\\Query\\Builder->runSelect()
#4 /Users/kayla/Desktop/2nd sem/sisdat prak/project mahaking kos/mahaking-kos/vendor/laravel/framework/src/Illuminate/Database/Concerns/BuildsQueries.php(366): Illuminate\\Database\\Query\\Builder->get(Array)
#5 /Users/kayla/Desktop/2nd sem/sisdat prak/project mahaking kos/mahaking-kos/vendor/laravel/framework/src/Illuminate/Database/Query/Builder.php(3469): Illuminate\\Database\\Query\\Builder->first(Array)
#6 /Users/kayla/Desktop/2nd sem/sisdat prak/project mahaking kos/mahaking-kos/vendor/laravel/framework/src/Illuminate/Session/DatabaseSessionHandler.php(96): Illuminate\\Database\\Query\\Builder->find('feLCA2M0VLkztXD...')
#7 /Users/kayla/Desktop/2nd sem/sisdat prak/project mahaking kos/mahaking-kos/vendor/laravel/framework/src/Illuminate/Session/Store.php(128): Illuminate\\Session\\DatabaseSessionHandler->read('feLCA2M0VLkztXD...')
#8 /Users/kayla/Desktop/2nd sem/sisdat prak/project mahaking kos/mahaking-kos/vendor/laravel/framework/src/Illuminate/Session/Store.php(116): Illuminate\\Session\\Store->readFromHandler()
#9 /Users/kayla/Desktop/2nd sem/sisdat prak/project mahaking kos/mahaking-kos/vendor/laravel/framework/src/Illuminate/Session/Store.php(100): Illuminate\\Session\\Store->loadSession()
#10 /Users/kayla/Desktop/2nd sem/sisdat prak/project mahaking kos/mahaking-kos/vendor/laravel/framework/src/Illuminate/Session/Middleware/StartSession.php(146): Illuminate\\Session\\Store->start()
#11 /Users/kayla/Desktop/2nd sem/sisdat prak/project mahaking kos/mahaking-kos/vendor/laravel/framework/src/Illuminate/Support/helpers.php(393): Illuminate\\Session\\Middleware\\StartSession->{closure:Illuminate\\Session\\Middleware\\StartSession::startSession():143}(Object(Illuminate\\Session\\Store))
#12 /Users/kayla/Desktop/2nd sem/sisdat prak/project mahaking kos/mahaking-kos/vendor/laravel/framework/src/Illuminate/Session/Middleware/StartSession.php(143): tap(Object(Illuminate\\Session\\Store), Object(Closure))
#13 /Users/kayla/Desktop/2nd sem/sisdat prak/project mahaking kos/mahaking-kos/vendor/laravel/framework/src/Illuminate/Session/Middleware/StartSession.php(115): Illuminate\\Session\\Middleware\\StartSession->startSession(Object(Illuminate\\Http\\Request), Object(Illuminate\\Session\\Store))
#14 /Users/kayla/Desktop/2nd sem/sisdat prak/project mahaking kos/mahaking-kos/vendor/laravel/framework/src/Illuminate/Session/Middleware/StartSession.php(63): Illuminate\\Session\\Middleware\\StartSession->handleStatefulRequest(Object(Illuminate\\Http\\Request), Object(Illuminate\\Session\\Store), Object(Closure))
#15 /Users/kayla/Desktop/2nd sem/sisdat prak/project mahaking kos/mahaking-kos/vendor/laravel/framework/src/Illuminate/Pipeline/Pipeline.php(219): Illuminate\\Session\\Middleware\\StartSession->handle(Object(Illuminate\\Http\\Request), Object(Closure))
#16 /Users/kayla/Desktop/2nd sem/sisdat prak/project mahaking kos/mahaking-kos/vendor/laravel/framework/src/Illuminate/Cookie/Middleware/AddQueuedCookiesToResponse.php(36): Illuminate\\Pipeline\\Pipeline->{closure:{closure:Illuminate\\Pipeline\\Pipeline::carry():194}:195}(Object(Illuminate\\Http\\Request))
#17 /Users/kayla/Desktop/2nd sem/sisdat prak/project mahaking kos/mahaking-kos/vendor/laravel/framework/src/Illuminate/Pipeline/Pipeline.php(219): Illuminate\\Cookie\\Middleware\\AddQueuedCookiesToResponse->handle(Object(Illuminate\\Http\\Request), Object(Closure))
#18 /Users/kayla/Desktop/2nd sem/sisdat prak/project mahaking kos/mahaking-kos/vendor/laravel/framework/src/Illuminate/Cookie/Middleware/EncryptCookies.php(74): Illuminate\\Pipeline\\Pipeline->{closure:{closure:Illuminate\\Pipeline\\Pipeline::carry():194}:195}(Object(Illuminate\\Http\\Request))
#19 /Users/kayla/Desktop/2nd sem/sisdat prak/project mahaking kos/mahaking-kos/vendor/laravel/framework/src/Illuminate/Pipeline/Pipeline.php(219): Illuminate\\Cookie\\Middleware\\EncryptCookies->handle(Object(Illuminate\\Http\\Request), Object(Closure))
#20 /Users/kayla/Desktop/2nd sem/sisdat prak/project mahaking kos/mahaking-kos/vendor/laravel/framework/src/Illuminate/Pipeline/Pipeline.php(137): Illuminate\\Pipeline\\Pipeline->{closure:{closure:Illuminate\\Pipeline\\Pipeline::carry():194}:195}(Object(Illuminate\\Http\\Request))
#21 /Users/kayla/Desktop/2nd sem/sisdat prak/project mahaking kos/mahaking-kos/vendor/laravel/framework/src/Illuminate/Routing/Router.php(821): Illuminate\\Pipeline\\Pipeline->then(Object(Closure))
#22 /Users/kayla/Desktop/2nd sem/sisdat prak/project mahaking kos/mahaking-kos/vendor/laravel/framework/src/Illuminate/Routing/Router.php(800): Illuminate\\Routing\\Router->runRouteWithinStack(Object(Illuminate\\Routing\\Route), Object(Illuminate\\Http\\Request))
#23 /Users/kayla/Desktop/2nd sem/sisdat prak/project mahaking kos/mahaking-kos/vendor/laravel/framework/src/Illuminate/Routing/Router.php(764): Illuminate\\Routing\\Router->runRoute(Object(Illuminate\\Http\\Request), Object(Illuminate\\Routing\\Route))
#24 /Users/kayla/Desktop/2nd sem/sisdat prak/project mahaking kos/mahaking-kos/vendor/laravel/framework/src/Illuminate/Routing/Router.php(753): Illuminate\\Routing\\Router->dispatchToRoute(Object(Illuminate\\Http\\Request))
#25 /Users/kayla/Desktop/2nd sem/sisdat prak/project mahaking kos/mahaking-kos/vendor/laravel/framework/src/Illuminate/Foundation/Http/Kernel.php(200): Illuminate\\Routing\\Router->dispatch(Object(Illuminate\\Http\\Request))
#26 /Users/kayla/Desktop/2nd sem/sisdat prak/project mahaking kos/mahaking-kos/vendor/laravel/framework/src/Illuminate/Pipeline/Pipeline.php(180): Illuminate\\Foundation\\Http\\Kernel->{closure:Illuminate\\Foundation\\Http\\Kernel::dispatchToRouter():197}(Object(Illuminate\\Http\\Request))
#27 /Users/kayla/Desktop/2nd sem/sisdat prak/project mahaking kos/mahaking-kos/vendor/laravel/framework/src/Illuminate/Foundation/Http/Middleware/TransformsRequest.php(21): Illuminate\\Pipeline\\Pipeline->{closure:Illuminate\\Pipeline\\Pipeline::prepareDestination():178}(Object(Illuminate\\Http\\Request))
#28 /Users/kayla/Desktop/2nd sem/sisdat prak/project mahaking kos/mahaking-kos/vendor/laravel/framework/src/Illuminate/Foundation/Http/Middleware/ConvertEmptyStringsToNull.php(31): Illuminate\\Foundation\\Http\\Middleware\\TransformsRequest->handle(Object(Illuminate\\Http\\Request), Object(Closure))
#29 /Users/kayla/Desktop/2nd sem/sisdat prak/project mahaking kos/mahaking-kos/vendor/laravel/framework/src/Illuminate/Pipeline/Pipeline.php(219): Illuminate\\Foundation\\Http\\Middleware\\ConvertEmptyStringsToNull->handle(Object(Illuminate\\Http\\Request), Object(Closure))
#30 /Users/kayla/Desktop/2nd sem/sisdat prak/project mahaking kos/mahaking-kos/vendor/laravel/framework/src/Illuminate/Foundation/Http/Middleware/TransformsRequest.php(21): Illuminate\\Pipeline\\Pipeline->{closure:{closure:Illuminate\\Pipeline\\Pipeline::carry():194}:195}(Object(Illuminate\\Http\\Request))
#31 /Users/kayla/Desktop/2nd sem/sisdat prak/project mahaking kos/mahaking-kos/vendor/laravel/framework/src/Illuminate/Foundation/Http/Middleware/TrimStrings.php(51): Illuminate\\Foundation\\Http\\Middleware\\TransformsRequest->handle(Object(Illuminate\\Http\\Request), Object(Closure))
#32 /Users/kayla/Desktop/2nd sem/sisdat prak/project mahaking kos/mahaking-kos/vendor/laravel/framework/src/Illuminate/Pipeline/Pipeline.php(219): Illuminate\\Foundation\\Http\\Middleware\\TrimStrings->handle(Object(Illuminate\\Http\\Request), Object(Closure))
#33 /Users/kayla/Desktop/2nd sem/sisdat prak/project mahaking kos/mahaking-kos/vendor/laravel/framework/src/Illuminate/Http/Middleware/ValidatePostSize.php(27): Illuminate\\Pipeline\\Pipeline->{closure:{closure:Illuminate\\Pipeline\\Pipeline::carry():194}:195}(Object(Illuminate\\Http\\Request))
#34 /Users/kayla/Desktop/2nd sem/sisdat prak/project mahaking kos/mahaking-kos/vendor/laravel/framework/src/Illuminate/Pipeline/Pipeline.php(219): Illuminate\\Http\\Middleware\\ValidatePostSize->handle(Object(Illuminate\\Http\\Request), Object(Closure))
#35 /Users/kayla/Desktop/2nd sem/sisdat prak/project mahaking kos/mahaking-kos/vendor/laravel/framework/src/Illuminate/Foundation/Http/Middleware/PreventRequestsDuringMaintenance.php(109): Illuminate\\Pipeline\\Pipeline->{closure:{closure:Illuminate\\Pipeline\\Pipeline::carry():194}:195}(Object(Illuminate\\Http\\Request))
#36 /Users/kayla/Desktop/2nd sem/sisdat prak/project mahaking kos/mahaking-kos/vendor/laravel/framework/src/Illuminate/Pipeline/Pipeline.php(219): Illuminate\\Foundation\\Http\\Middleware\\PreventRequestsDuringMaintenance->handle(Object(Illuminate\\Http\\Request), Object(Closure))
#37 /Users/kayla/Desktop/2nd sem/sisdat prak/project mahaking kos/mahaking-kos/vendor/laravel/framework/src/Illuminate/Http/Middleware/HandleCors.php(61): Illuminate\\Pipeline\\Pipeline->{closure:{closure:Illuminate\\Pipeline\\Pipeline::carry():194}:195}(Object(Illuminate\\Http\\Request))
#38 /Users/kayla/Desktop/2nd sem/sisdat prak/project mahaking kos/mahaking-kos/vendor/laravel/framework/src/Illuminate/Pipeline/Pipeline.php(219): Illuminate\\Http\\Middleware\\HandleCors->handle(Object(Illuminate\\Http\\Request), Object(Closure))
#39 /Users/kayla/Desktop/2nd sem/sisdat prak/project mahaking kos/mahaking-kos/vendor/laravel/framework/src/Illuminate/Http/Middleware/TrustProxies.php(58): Illuminate\\Pipeline\\Pipeline->{closure:{closure:Illuminate\\Pipeline\\Pipeline::carry():194}:195}(Object(Illuminate\\Http\\Request))
#40 /Users/kayla/Desktop/2nd sem/sisdat prak/project mahaking kos/mahaking-kos/vendor/laravel/framework/src/Illuminate/Pipeline/Pipeline.php(219): Illuminate\\Http\\Middleware\\TrustProxies->handle(Object(Illuminate\\Http\\Request), Object(Closure))
#41 /Users/kayla/Desktop/2nd sem/sisdat prak/project mahaking kos/mahaking-kos/vendor/laravel/framework/src/Illuminate/Foundation/Http/Middleware/InvokeDeferredCallbacks.php(22): Illuminate\\Pipeline\\Pipeline->{closure:{closure:Illuminate\\Pipeline\\Pipeline::carry():194}:195}(Object(Illuminate\\Http\\Request))
#42 /Users/kayla/Desktop/2nd sem/sisdat prak/project mahaking kos/mahaking-kos/vendor/laravel/framework/src/Illuminate/Pipeline/Pipeline.php(219): Illuminate\\Foundation\\Http\\Middleware\\InvokeDeferredCallbacks->handle(Object(Illuminate\\Http\\Request), Object(Closure))
#43 /Users/kayla/Desktop/2nd sem/sisdat prak/project mahaking kos/mahaking-kos/vendor/laravel/framework/src/Illuminate/Http/Middleware/ValidatePathEncoding.php(28): Illuminate\\Pipeline\\Pipeline->{closure:{closure:Illuminate\\Pipeline\\Pipeline::carry():194}:195}(Object(Illuminate\\Http\\Request))
#44 /Users/kayla/Desktop/2nd sem/sisdat prak/project mahaking kos/mahaking-kos/vendor/laravel/framework/src/Illuminate/Pipeline/Pipeline.php(219): Illuminate\\Http\\Middleware\\ValidatePathEncoding->handle(Object(Illuminate\\Http\\Request), Object(Closure))
#45 /Users/kayla/Desktop/2nd sem/sisdat prak/project mahaking kos/mahaking-kos/vendor/laravel/framework/src/Illuminate/Pipeline/Pipeline.php(137): Illuminate\\Pipeline\\Pipeline->{closure:{closure:Illuminate\\Pipeline\\Pipeline::carry():194}:195}(Object(Illuminate\\Http\\Request))
#46 /Users/kayla/Desktop/2nd sem/sisdat prak/project mahaking kos/mahaking-kos/vendor/laravel/framework/src/Illuminate/Foundation/Http/Kernel.php(175): Illuminate\\Pipeline\\Pipeline->then(Object(Closure))
#47 /Users/kayla/Desktop/2nd sem/sisdat prak/project mahaking kos/mahaking-kos/vendor/laravel/framework/src/Illuminate/Foundation/Http/Kernel.php(144): Illuminate\\Foundation\\Http\\Kernel->sendRequestThroughRouter(Object(Illuminate\\Http\\Request))
#48 /Users/kayla/Desktop/2nd sem/sisdat prak/project mahaking kos/mahaking-kos/vendor/laravel/framework/src/Illuminate/Foundation/Application.php(1220): Illuminate\\Foundation\\Http\\Kernel->handle(Object(Illuminate\\Http\\Request))
#49 /Users/kayla/Desktop/2nd sem/sisdat prak/project mahaking kos/mahaking-kos/public/index.php(20): Illuminate\\Foundation\\Application->handleRequest(Object(Illuminate\\Http\\Request))
#50 /Users/kayla/Desktop/2nd sem/sisdat prak/project mahaking kos/mahaking-kos/vendor/laravel/framework/src/Illuminate/Foundation/resources/server.php(23): require_once('/Users/kayla/De...')
#51 {main}

[previous exception] [object] (PDOException(code: 42S02): SQLSTATE[42S02]: Base table or view not found: 1146 Table 'mahaking_kos.sessions' doesn't exist at /Users/kayla/Desktop/2nd sem/sisdat prak/project mahaking kos/mahaking-kos/vendor/laravel/framework/src/Illuminate/Database/Connection.php:421)
[stacktrace]
#0 /Users/kayla/Desktop/2nd sem/sisdat prak/project mahaking kos/mahaking-kos/vendor/laravel/framework/src/Illuminate/Database/Connection.php(421): PDO->prepare('select * from `...')
#1 /Users/kayla/Desktop/2nd sem/sisdat prak/project mahaking kos/mahaking-kos/vendor/laravel/framework/src/Illuminate/Database/Connection.php(830): Illuminate\\Database\\Connection->{closure:Illuminate\\Database\\Connection::select():412}('select * from `...', Array)
#2 /Users/kayla/Desktop/2nd sem/sisdat prak/project mahaking kos/mahaking-kos/vendor/laravel/framework/src/Illuminate/Database/Connection.php(797): Illuminate\\Database\\Connection->runQueryCallback('select * from `...', Array, Object(Closure))
#3 /Users/kayla/Desktop/2nd sem/sisdat prak/project mahaking kos/mahaking-kos/vendor/laravel/framework/src/Illuminate/Database/Connection.php(412): Illuminate\\Database\\Connection->run('select * from `...', Array, Object(Closure))
#4 /Users/kayla/Desktop/2nd sem/sisdat prak/project mahaking kos/mahaking-kos/vendor/laravel/framework/src/Illuminate/Database/Query/Builder.php(3567): Illuminate\\Database\\Connection->select('select * from `...', Array, false, Array)
#5 /Users/kayla/Desktop/2nd sem/sisdat prak/project mahaking kos/mahaking-kos/vendor/laravel/framework/src/Illuminate/Database/Query/Builder.php(3551): Illuminate\\Database\\Query\\Builder->runSelect()
#6 /Users/kayla/Desktop/2nd sem/sisdat prak/project mahaking kos/mahaking-kos/vendor/laravel/framework/src/Illuminate/Database/Concerns/BuildsQueries.php(366): Illuminate\\Database\\Query\\Builder->get(Array)
#7 /Users/kayla/Desktop/2nd sem/sisdat prak/project mahaking kos/mahaking-kos/vendor/laravel/framework/src/Illuminate/Database/Query/Builder.php(3469): Illuminate\\Database\\Query\\Builder->first(Array)
#8 /Users/kayla/Desktop/2nd sem/sisdat prak/project mahaking kos/mahaking-kos/vendor/laravel/framework/src/Illuminate/Session/DatabaseSessionHandler.php(96): Illuminate\\Database\\Query\\Builder->find('feLCA2M0VLkztXD...')
#9 /Users/kayla/Desktop/2nd sem/sisdat prak/project mahaking kos/mahaking-kos/vendor/laravel/framework/src/Illuminate/Session/Store.php(128): Illuminate\\Session\\DatabaseSessionHandler->read('feLCA2M0VLkztXD...')
#10 /Users/kayla/Desktop/2nd sem/sisdat prak/project mahaking kos/mahaking-kos/vendor/laravel/framework/src/Illuminate/Session/Store.php(116): Illuminate\\Session\\Store->readFromHandler()
#11 /Users/kayla/Desktop/2nd sem/sisdat prak/project mahaking kos/mahaking-kos/vendor/laravel/framework/src/Illuminate/Session/Store.php(100): Illuminate\\Session\\Store->loadSession()
#12 /Users/kayla/Desktop/2nd sem/sisdat prak/project mahaking kos/mahaking-kos/vendor/laravel/framework/src/Illuminate/Session/Middleware/StartSession.php(146): Illuminate\\Session\\Store->start()
#13 /Users/kayla/Desktop/2nd sem/sisdat prak/project mahaking kos/mahaking-kos/vendor/laravel/framework/src/Illuminate/Support/helpers.php(393): Illuminate\\Session\\Middleware\\StartSession->{closure:Illuminate\\Session\\Middleware\\StartSession::startSession():143}(Object(Illuminate\\Session\\Store))
#14 /Users/kayla/Desktop/2nd sem/sisdat prak/project mahaking kos/mahaking-kos/vendor/laravel/framework/src/Illuminate/Session/Middleware/StartSession.php(143): tap(Object(Illuminate\\Session\\Store), Object(Closure))
#15 /Users/kayla/Desktop/2nd sem/sisdat prak/project mahaking kos/mahaking-kos/vendor/laravel/framework/src/Illuminate/Session/Middleware/StartSession.php(115): Illuminate\\Session\\Middleware\\StartSession->startSession(Object(Illuminate\\Http\\Request), Object(Illuminate\\Session\\Store))
#16 /Users/kayla/Desktop/2nd sem/sisdat prak/project mahaking kos/mahaking-kos/vendor/laravel/framework/src/Illuminate/Session/Middleware/StartSession.php(63): Illuminate\\Session\\Middleware\\StartSession->handleStatefulRequest(Object(Illuminate\\Http\\Request), Object(Illuminate\\Session\\Store), Object(Closure))
#17 /Users/kayla/Desktop/2nd sem/sisdat prak/project mahaking kos/mahaking-kos/vendor/laravel/framework/src/Illuminate/Pipeline/Pipeline.php(219): Illuminate\\Session\\Middleware\\StartSession->handle(Object(Illuminate\\Http\\Request), Object(Closure))
#18 /Users/kayla/Desktop/2nd sem/sisdat prak/project mahaking kos/mahaking-kos/vendor/laravel/framework/src/Illuminate/Cookie/Middleware/AddQueuedCookiesToResponse.php(36): Illuminate\\Pipeline\\Pipeline->{closure:{closure:Illuminate\\Pipeline\\Pipeline::carry():194}:195}(Object(Illuminate\\Http\\Request))
#19 /Users/kayla/Desktop/2nd sem/sisdat prak/project mahaking kos/mahaking-kos/vendor/laravel/framework/src/Illuminate/Pipeline/Pipeline.php(219): Illuminate\\Cookie\\Middleware\\AddQueuedCookiesToResponse->handle(Object(Illuminate\\Http\\Request), Object(Closure))
#20 /Users/kayla/Desktop/2nd sem/sisdat prak/project mahaking kos/mahaking-kos/vendor/laravel/framework/src/Illuminate/Cookie/Middleware/EncryptCookies.php(74): Illuminate\\Pipeline\\Pipeline->{closure:{closure:Illuminate\\Pipeline\\Pipeline::carry():194}:195}(Object(Illuminate\\Http\\Request))
#21 /Users/kayla/Desktop/2nd sem/sisdat prak/project mahaking kos/mahaking-kos/vendor/laravel/framework/src/Illuminate/Pipeline/Pipeline.php(219): Illuminate\\Cookie\\Middleware\\EncryptCookies->handle(Object(Illuminate\\Http\\Request), Object(Closure))
#22 /Users/kayla/Desktop/2nd sem/sisdat prak/project mahaking kos/mahaking-kos/vendor/laravel/framework/src/Illuminate/Pipeline/Pipeline.php(137): Illuminate\\Pipeline\\Pipeline->{closure:{closure:Illuminate\\Pipeline\\Pipeline::carry():194}:195}(Object(Illuminate\\Http\\Request))
#23 /Users/kayla/Desktop/2nd sem/sisdat prak/project mahaking kos/mahaking-kos/vendor/laravel/framework/src/Illuminate/Routing/Router.php(821): Illuminate\\Pipeline\\Pipeline->then(Object(Closure))
#24 /Users/kayla/Desktop/2nd sem/sisdat prak/project mahaking kos/mahaking-kos/vendor/laravel/framework/src/Illuminate/Routing/Router.php(800): Illuminate\\Routing\\Router->runRouteWithinStack(Object(Illuminate\\Routing\\Route), Object(Illuminate\\Http\\Request))
#25 /Users/kayla/Desktop/2nd sem/sisdat prak/project mahaking kos/mahaking-kos/vendor/laravel/framework/src/Illuminate/Routing/Router.php(764): Illuminate\\Routing\\Router->runRoute(Object(Illuminate\\Http\\Request), Object(Illuminate\\Routing\\Route))
#26 /Users/kayla/Desktop/2nd sem/sisdat prak/project mahaking kos/mahaking-kos/vendor/laravel/framework/src/Illuminate/Routing/Router.php(753): Illuminate\\Routing\\Router->dispatchToRoute(Object(Illuminate\\Http\\Request))
#27 /Users/kayla/Desktop/2nd sem/sisdat prak/project mahaking kos/mahaking-kos/vendor/laravel/framework/src/Illuminate/Foundation/Http/Kernel.php(200): Illuminate\\Routing\\Router->dispatch(Object(Illuminate\\Http\\Request))
#28 /Users/kayla/Desktop/2nd sem/sisdat prak/project mahaking kos/mahaking-kos/vendor/laravel/framework/src/Illuminate/Pipeline/Pipeline.php(180): Illuminate\\Foundation\\Http\\Kernel->{closure:Illuminate\\Foundation\\Http\\Kernel::dispatchToRouter():197}(Object(Illuminate\\Http\\Request))
#29 /Users/kayla/Desktop/2nd sem/sisdat prak/project mahaking kos/mahaking-kos/vendor/laravel/framework/src/Illuminate/Foundation/Http/Middleware/TransformsRequest.php(21): Illuminate\\Pipeline\\Pipeline->{closure:Illuminate\\Pipeline\\Pipeline::prepareDestination():178}(Object(Illuminate\\Http\\Request))
#30 /Users/kayla/Desktop/2nd sem/sisdat prak/project mahaking kos/mahaking-kos/vendor/laravel/framework/src/Illuminate/Foundation/Http/Middleware/ConvertEmptyStringsToNull.php(31): Illuminate\\Foundation\\Http\\Middleware\\TransformsRequest->handle(Object(Illuminate\\Http\\Request), Object(Closure))
#31 /Users/kayla/Desktop/2nd sem/sisdat prak/project mahaking kos/mahaking-kos/vendor/laravel/framework/src/Illuminate/Pipeline/Pipeline.php(219): Illuminate\\Foundation\\Http\\Middleware\\ConvertEmptyStringsToNull->handle(Object(Illuminate\\Http\\Request), Object(Closure))
#32 /Users/kayla/Desktop/2nd sem/sisdat prak/project mahaking kos/mahaking-kos/vendor/laravel/framework/src/Illuminate/Foundation/Http/Middleware/TransformsRequest.php(21): Illuminate\\Pipeline\\Pipeline->{closure:{closure:Illuminate\\Pipeline\\Pipeline::carry():194}:195}(Object(Illuminate\\Http\\Request))
#33 /Users/kayla/Desktop/2nd sem/sisdat prak/project mahaking kos/mahaking-kos/vendor/laravel/framework/src/Illuminate/Foundation/Http/Middleware/TrimStrings.php(51): Illuminate\\Foundation\\Http\\Middleware\\TransformsRequest->handle(Object(Illuminate\\Http\\Request), Object(Closure))
#34 /Users/kayla/Desktop/2nd sem/sisdat prak/project mahaking kos/mahaking-kos/vendor/laravel/framework/src/Illuminate/Pipeline/Pipeline.php(219): Illuminate\\Foundation\\Http\\Middleware\\TrimStrings->handle(Object(Illuminate\\Http\\Request), Object(Closure))
#35 /Users/kayla/Desktop/2nd sem/sisdat prak/project mahaking kos/mahaking-kos/vendor/laravel/framework/src/Illuminate/Http/Middleware/ValidatePostSize.php(27): Illuminate\\Pipeline\\Pipeline->{closure:{closure:Illuminate\\Pipeline\\Pipeline::carry():194}:195}(Object(Illuminate\\Http\\Request))
#36 /Users/kayla/Desktop/2nd sem/sisdat prak/project mahaking kos/mahaking-kos/vendor/laravel/framework/src/Illuminate/Pipeline/Pipeline.php(219): Illuminate\\Http\\Middleware\\ValidatePostSize->handle(Object(Illuminate\\Http\\Request), Object(Closure))
#37 /Users/kayla/Desktop/2nd sem/sisdat prak/project mahaking kos/mahaking-kos/vendor/laravel/framework/src/Illuminate/Foundation/Http/Middleware/PreventRequestsDuringMaintenance.php(109): Illuminate\\Pipeline\\Pipeline->{closure:{closure:Illuminate\\Pipeline\\Pipeline::carry():194}:195}(Object(Illuminate\\Http\\Request))
#38 /Users/kayla/Desktop/2nd sem/sisdat prak/project mahaking kos/mahaking-kos/vendor/laravel/framework/src/Illuminate/Pipeline/Pipeline.php(219): Illuminate\\Foundation\\Http\\Middleware\\PreventRequestsDuringMaintenance->handle(Object(Illuminate\\Http\\Request), Object(Closure))
#39 /Users/kayla/Desktop/2nd sem/sisdat prak/project mahaking kos/mahaking-kos/vendor/laravel/framework/src/Illuminate/Http/Middleware/HandleCors.php(61): Illuminate\\Pipeline\\Pipeline->{closure:{closure:Illuminate\\Pipeline\\Pipeline::carry():194}:195}(Object(Illuminate\\Http\\Request))
#40 /Users/kayla/Desktop/2nd sem/sisdat prak/project mahaking kos/mahaking-kos/vendor/laravel/framework/src/Illuminate/Pipeline/Pipeline.php(219): Illuminate\\Http\\Middleware\\HandleCors->handle(Object(Illuminate\\Http\\Request), Object(Closure))
#41 /Users/kayla/Desktop/2nd sem/sisdat prak/project mahaking kos/mahaking-kos/vendor/laravel/framework/src/Illuminate/Http/Middleware/TrustProxies.php(58): Illuminate\\Pipeline\\Pipeline->{closure:{closure:Illuminate\\Pipeline\\Pipeline::carry():194}:195}(Object(Illuminate\\Http\\Request))
#42 /Users/kayla/Desktop/2nd sem/sisdat prak/project mahaking kos/mahaking-kos/vendor/laravel/framework/src/Illuminate/Pipeline/Pipeline.php(219): Illuminate\\Http\\Middleware\\TrustProxies->handle(Object(Illuminate\\Http\\Request), Object(Closure))
#43 /Users/kayla/Desktop/2nd sem/sisdat prak/project mahaking kos/mahaking-kos/vendor/laravel/framework/src/Illuminate/Foundation/Http/Middleware/InvokeDeferredCallbacks.php(22): Illuminate\\Pipeline\\Pipeline->{closure:{closure:Illuminate\\Pipeline\\Pipeline::carry():194}:195}(Object(Illuminate\\Http\\Request))
#44 /Users/kayla/Desktop/2nd sem/sisdat prak/project mahaking kos/mahaking-kos/vendor/laravel/framework/src/Illuminate/Pipeline/Pipeline.php(219): Illuminate\\Foundation\\Http\\Middleware\\InvokeDeferredCallbacks->handle(Object(Illuminate\\Http\\Request), Object(Closure))
#45 /Users/kayla/Desktop/2nd sem/sisdat prak/project mahaking kos/mahaking-kos/vendor/laravel/framework/src/Illuminate/Http/Middleware/ValidatePathEncoding.php(28): Illuminate\\Pipeline\\Pipeline->{closure:{closure:Illuminate\\Pipeline\\Pipeline::carry():194}:195}(Object(Illuminate\\Http\\Request))
#46 /Users/kayla/Desktop/2nd sem/sisdat prak/project mahaking kos/mahaking-kos/vendor/laravel/framework/src/Illuminate/Pipeline/Pipeline.php(219): Illuminate\\Http\\Middleware\\ValidatePathEncoding->handle(Object(Illuminate\\Http\\Request), Object(Closure))
#47 /Users/kayla/Desktop/2nd sem/sisdat prak/project mahaking kos/mahaking-kos/vendor/laravel/framework/src/Illuminate/Pipeline/Pipeline.php(137): Illuminate\\Pipeline\\Pipeline->{closure:{closure:Illuminate\\Pipeline\\Pipeline::carry():194}:195}(Object(Illuminate\\Http\\Request))
#48 /Users/kayla/Desktop/2nd sem/sisdat prak/project mahaking kos/mahaking-kos/vendor/laravel/framework/src/Illuminate/Foundation/Http/Kernel.php(175): Illuminate\\Pipeline\\Pipeline->then(Object(Closure))
#49 /Users/kayla/Desktop/2nd sem/sisdat prak/project mahaking kos/mahaking-kos/vendor/laravel/framework/src/Illuminate/Foundation/Http/Kernel.php(144): Illuminate\\Foundation\\Http\\Kernel->sendRequestThroughRouter(Object(Illuminate\\Http\\Request))
#50 /Users/kayla/Desktop/2nd sem/sisdat prak/project mahaking kos/mahaking-kos/vendor/laravel/framework/src/Illuminate/Foundation/Application.php(1220): Illuminate\\Foundation\\Http\\Kernel->handle(Object(Illuminate\\Http\\Request))
#51 /Users/kayla/Desktop/2nd sem/sisdat prak/project mahaking kos/mahaking-kos/public/index.php(20): Illuminate\\Foundation\\Application->handleRequest(Object(Illuminate\\Http\\Request))
#52 /Users/kayla/Desktop/2nd sem/sisdat prak/project mahaking kos/mahaking-kos/vendor/laravel/framework/src/Illuminate/Foundation/resources/server.php(23): require_once('/Users/kayla/De...')
#53 {main}
"} 
